,seq,archaea,bacteria,fungi,human,invertebrates,mammals,plants,rodents,vertebrates,viruses,label_count
0,MTMDKSEL,False,False,False,True,False,True,False,True,False,False,3
1,TMDKSELV,False,False,False,True,False,True,False,True,False,False,3
2,MDKSELVQ,False,False,False,True,False,True,False,True,True,False,4
3,DKSELVQK,False,False,False,True,False,True,False,True,True,False,4
4,KSELVQKA,False,False,False,True,False,True,False,True,True,False,4
5,SELVQKAK,False,False,False,True,False,True,False,True,True,False,4
6,ELVQKAKL,False,False,False,True,True,True,False,True,True,False,5
7,LVQKAKLA,False,True,False,True,True,True,False,True,True,False,6
8,VQKAKLAE,False,False,False,True,True,True,False,True,True,False,5
9,QKAKLAEQ,False,False,False,True,True,True,False,True,True,False,5
10,KAKLAEQA,False,False,False,True,True,True,True,True,True,False,6
11,AKLAEQAE,False,False,True,True,True,True,True,True,True,False,7
12,KLAEQAER,False,False,True,True,True,True,True,True,True,False,7
13,LAEQAERY,False,False,True,True,True,True,True,True,True,False,7
14,AEQAERYD,False,False,False,True,True,True,True,True,True,False,6
15,EQAERYDD,False,False,False,True,True,True,True,True,True,False,6
16,QAERYDDM,False,False,False,True,True,True,True,True,True,False,6
17,AERYDDMA,False,False,True,True,True,True,False,True,True,False,6
18,ERYDDMAA,False,False,False,True,True,True,False,True,True,False,5
19,RYDDMAAA,False,False,False,True,True,True,False,True,True,False,5
20,YDDMAAAM,False,False,False,True,True,True,False,True,True,False,5
21,DDMAAAMK,False,False,False,True,True,True,False,True,True,False,5
22,DMAAAMKA,False,False,False,True,False,True,False,True,True,False,4
23,MAAAMKAV,False,False,False,True,False,True,False,True,True,False,4
24,AAAMKAVT,False,False,False,True,False,True,False,True,True,False,4
25,AAMKAVTE,False,False,False,True,False,True,False,True,True,False,4
26,AMKAVTEQ,False,False,False,True,False,True,False,True,True,False,4
27,MKAVTEQG,False,False,False,True,False,True,False,True,True,False,4
28,KAVTEQGH,False,False,False,True,False,True,False,True,True,False,4
29,AVTEQGHE,False,False,False,True,False,True,False,True,True,False,4
30,VTEQGHEL,False,False,False,True,False,True,False,True,True,False,4
31,TEQGHELS,False,False,False,True,False,True,False,True,True,False,4
32,EQGHELSN,False,False,False,True,False,True,False,True,True,False,4
33,QGHELSNE,False,False,False,True,False,True,False,True,True,False,4
34,GHELSNEE,False,False,False,True,False,True,False,True,True,False,4
35,HELSNEER,False,False,False,True,False,True,False,True,True,False,4
36,ELSNEERN,False,False,False,True,True,True,False,True,True,False,5
37,LSNEERNL,False,False,False,True,True,True,False,True,True,False,5
38,SNEERNLL,False,False,False,True,True,True,False,True,True,False,5
39,NEERNLLS,False,False,False,True,True,True,False,True,True,False,5
40,EERNLLSV,False,False,True,True,True,True,True,True,True,False,7
41,ERNLLSVA,False,False,True,True,True,True,True,True,True,False,7
42,RNLLSVAY,False,False,True,True,True,True,True,True,True,False,7
43,NLLSVAYK,False,False,True,True,True,True,True,True,True,False,7
44,LLSVAYKN,False,False,True,True,True,True,True,True,True,False,7
45,LSVAYKNV,False,False,True,True,True,True,True,True,True,False,7
46,SVAYKNVV,False,False,False,True,True,True,True,True,True,False,6
47,VAYKNVVG,False,False,False,True,True,True,True,True,True,False,6
48,AYKNVVGA,False,False,False,True,True,True,True,True,True,False,6
49,YKNVVGAR,False,False,False,True,True,True,True,True,True,False,6
50,KNVVGARR,False,False,False,True,True,True,True,True,True,False,6
51,NVVGARRS,False,False,False,True,True,True,False,True,True,False,5
52,VVGARRSS,False,False,False,True,True,True,False,True,True,False,5
53,VGARRSSW,False,False,False,True,True,True,False,True,True,False,5
54,GARRSSWR,False,False,False,True,True,True,False,True,True,False,5
55,ARRSSWRV,False,False,False,True,True,True,False,True,True,False,5
56,RRSSWRVI,False,False,False,True,True,True,False,True,True,False,5
57,RSSWRVIS,False,False,False,True,True,True,False,True,True,False,5
58,SSWRVISS,False,False,False,True,True,True,False,True,True,False,5
59,SWRVISSI,False,False,False,True,True,True,True,True,True,False,6
60,WRVISSIE,False,False,False,True,True,True,True,True,True,False,6
61,RVISSIEQ,False,False,False,True,True,True,False,True,True,False,5
62,VISSIEQK,False,False,False,True,True,True,False,True,True,False,5
63,ISSIEQKT,False,False,False,True,True,True,False,True,True,False,5
64,SSIEQKTE,False,False,False,True,True,True,False,True,True,False,5
65,SIEQKTER,False,False,False,True,False,True,False,True,True,False,4
66,IEQKTERN,False,False,False,True,False,True,False,True,True,False,4
67,EQKTERNE,False,False,False,True,False,True,False,True,True,False,4
68,QKTERNEK,False,False,False,True,False,True,False,True,True,False,4
69,KTERNEKK,False,False,False,True,False,True,False,True,True,False,4
70,TERNEKKQ,False,False,False,True,False,True,False,True,True,False,4
71,ERNEKKQQ,False,False,False,True,False,True,False,True,True,False,4
72,RNEKKQQM,False,False,False,True,False,True,False,True,True,False,4
73,NEKKQQMG,False,False,False,True,False,True,False,True,True,False,4
74,EKKQQMGK,False,False,False,True,False,True,False,True,False,False,3
75,KKQQMGKE,False,False,False,True,False,True,False,True,False,False,3
76,KQQMGKEY,False,False,False,True,False,True,False,True,False,False,3
77,QQMGKEYR,False,False,False,True,False,True,False,True,False,False,3
78,QMGKEYRE,False,False,False,True,False,True,False,True,False,False,3
79,MGKEYREK,False,False,False,True,False,True,False,True,False,False,3
80,GKEYREKI,False,False,False,True,False,True,False,True,False,False,3
81,KEYREKIE,False,False,False,True,False,True,False,True,True,False,4
82,EYREKIEA,False,False,False,True,False,True,False,True,True,False,4
83,YREKIEAE,False,False,False,True,False,True,False,True,True,False,4
84,REKIEAEL,False,False,False,True,False,True,False,True,True,False,4
85,EKIEAELQ,False,False,False,True,False,True,False,True,True,False,4
86,KIEAELQD,False,False,False,True,False,True,False,True,True,False,4
87,IEAELQDI,False,False,False,True,False,True,False,True,True,False,4
88,EAELQDIC,False,False,False,True,False,True,False,True,True,False,4
89,AELQDICN,False,False,False,True,False,True,False,True,True,False,4
90,ELQDICND,False,False,False,True,False,True,False,True,True,False,4
91,LQDICNDV,False,False,False,True,False,True,False,True,True,False,4
92,QDICNDVL,False,False,False,True,False,True,False,True,True,False,4
93,DICNDVLQ,False,False,False,False,False,True,False,False,False,False,1
94,ICNDVLQL,False,False,False,False,False,True,False,False,False,False,1
95,CNDVLQLL,False,False,False,False,False,True,False,False,False,False,1
96,NDVLQLLD,False,False,False,False,False,True,False,False,False,False,1
97,DVLQLLDK,False,False,False,False,False,True,False,False,False,False,1
98,VLQLLDKY,False,False,False,False,False,True,False,False,False,False,1
99,LQLLDKYL,False,False,False,False,False,True,False,False,False,False,1
100,QLLDKYLI,False,False,False,False,False,True,False,False,False,False,1
101,LLDKYLIP,False,False,False,True,True,True,False,False,False,False,3
102,LDKYLIPN,False,False,False,True,False,True,False,False,False,False,2
103,DKYLIPNA,False,False,False,True,False,True,False,False,False,False,2
104,KYLIPNAT,False,False,False,True,False,True,False,False,False,False,2
105,YLIPNATQ,False,False,False,True,False,True,False,False,False,False,2
106,LIPNATQP,False,False,False,True,False,True,False,False,False,False,2
107,IPNATQPE,False,False,False,True,False,True,False,False,False,False,2
108,PNATQPES,False,False,False,True,False,True,False,False,False,False,2
109,NATQPESK,False,False,False,True,False,True,False,False,True,False,3
110,ATQPESKV,False,False,False,True,False,True,False,False,True,False,3
111,TQPESKVF,False,False,False,True,False,True,False,False,True,False,3
112,QPESKVFY,False,False,False,True,False,True,False,True,True,False,4
113,PESKVFYL,False,False,False,True,True,True,True,True,True,False,6
114,ESKVFYLK,False,False,False,True,True,True,True,True,True,False,6
115,SKVFYLKM,False,False,False,True,True,True,True,True,True,False,6
116,KVFYLKMK,False,False,False,True,True,True,True,True,True,False,6
117,VFYLKMKG,False,False,False,True,True,True,True,True,True,False,6
118,FYLKMKGD,False,False,False,True,True,True,True,True,True,False,6
119,YLKMKGDY,False,False,False,True,True,True,True,True,True,False,6
120,LKMKGDYF,False,False,False,True,False,True,False,True,True,False,4
121,KMKGDYFR,False,False,False,True,True,True,True,True,True,False,6
122,MKGDYFRY,False,False,False,True,True,True,True,True,True,False,6
123,KGDYFRYL,False,False,False,True,True,True,True,True,True,False,6
124,GDYFRYLS,False,False,False,True,False,True,False,True,False,False,3
125,DYFRYLSE,False,False,False,True,False,True,False,True,False,False,3
126,YFRYLSEV,False,False,False,True,False,True,False,True,False,False,3
127,FRYLSEVA,False,False,False,True,False,True,False,True,False,False,3
128,RYLSEVAS,False,False,False,True,False,True,False,True,True,False,4
129,YLSEVASG,False,False,False,True,False,True,False,True,True,False,4
130,LSEVASGD,False,False,False,True,False,True,False,True,True,False,4
131,SEVASGDN,False,False,False,True,False,True,False,True,True,False,4
132,EVASGDNK,False,False,False,True,False,True,False,True,True,False,4
133,VASGDNKQ,False,False,False,True,False,True,False,True,True,False,4
134,ASGDNKQT,False,False,False,True,False,True,False,True,True,False,4
135,SGDNKQTT,False,False,False,True,False,True,False,True,True,False,4
136,GDNKQTTV,False,False,False,True,False,True,False,True,True,False,4
137,DNKQTTVS,False,False,False,True,False,True,False,True,False,False,3
138,NKQTTVSN,False,False,False,True,False,True,False,True,False,False,3
139,KQTTVSNS,False,False,False,True,False,True,False,True,False,False,3
140,QTTVSNSQ,False,False,False,True,False,True,False,True,False,False,3
141,TTVSNSQQ,False,False,False,True,False,True,False,True,False,False,3
142,TVSNSQQA,False,False,False,True,False,True,False,True,False,False,3
143,VSNSQQAY,False,False,False,True,False,True,False,True,False,False,3
144,SNSQQAYQ,False,False,False,True,False,True,False,True,False,False,3
145,NSQQAYQE,False,False,False,True,False,True,False,True,True,False,4
146,SQQAYQEA,False,False,False,True,False,True,False,True,True,False,4
147,QQAYQEAF,False,False,False,True,False,True,False,True,True,False,4
148,QAYQEAFE,False,True,False,True,False,True,False,True,True,False,5
149,AYQEAFEI,False,False,False,True,False,True,False,True,True,False,4
150,YQEAFEIS,False,False,False,True,False,True,False,True,True,False,4
151,QEAFEISK,False,False,False,True,False,True,False,True,True,False,4
152,EAFEISKK,False,False,False,True,False,True,False,True,True,False,4
153,AFEISKKE,False,False,False,True,False,True,False,True,True,False,4
154,FEISKKEM,False,False,False,True,False,True,False,True,True,False,4
155,EISKKEMQ,False,False,False,True,False,True,False,True,True,False,4
156,ISKKEMQP,False,False,False,True,False,True,False,True,True,False,4
157,SKKEMQPT,False,False,False,True,False,True,False,True,True,False,4
158,KKEMQPTH,False,False,False,True,False,True,False,True,True,False,4
159,KEMQPTHP,False,False,False,True,False,True,False,True,True,False,4
160,EMQPTHPI,False,False,False,True,False,True,False,True,True,False,4
161,MQPTHPIR,False,False,False,True,True,True,False,True,True,False,5
162,QPTHPIRL,False,False,False,True,True,True,False,True,True,False,5
163,PTHPIRLG,False,False,True,True,True,True,True,True,True,False,7
164,THPIRLGL,False,False,True,True,True,True,True,True,True,False,7
165,HPIRLGLA,False,False,True,True,True,True,True,True,True,False,7
166,PIRLGLAL,False,False,True,True,True,True,True,True,True,False,7
167,IRLGLALN,False,True,True,True,True,True,True,True,True,False,8
168,RLGLALNF,False,False,True,True,True,True,True,True,True,False,7
169,LGLALNFS,False,False,True,True,True,True,True,True,True,False,7
170,GLALNFSV,False,False,True,True,True,True,True,True,True,False,7
171,LALNFSVF,False,False,True,True,True,True,True,True,True,False,7
172,ALNFSVFY,False,False,True,True,True,True,True,True,True,False,7
173,LNFSVFYY,False,False,True,True,True,True,True,True,True,False,7
174,NFSVFYYE,False,False,True,True,True,True,True,True,True,False,7
175,FSVFYYEI,False,False,True,True,True,True,True,True,True,False,7
176,SVFYYEIL,False,False,True,True,True,True,True,True,True,False,7
177,VFYYEILN,False,False,True,True,True,True,True,True,True,False,7
178,FYYEILNS,False,False,True,True,True,True,True,True,True,False,7
179,YYEILNSP,False,False,True,True,True,True,True,True,True,False,7
180,YEILNSPE,False,False,False,True,False,True,True,True,True,False,5
181,EILNSPEK,False,False,False,True,False,True,False,True,True,False,4
182,ILNSPEKA,False,False,False,True,False,True,False,True,True,False,4
183,LNSPEKAC,False,False,False,True,False,True,False,True,True,False,4
184,NSPEKACS,False,False,False,True,False,True,False,True,True,False,4
185,SPEKACSL,False,False,False,True,False,True,False,True,True,False,4
186,PEKACSLA,False,False,False,True,True,True,False,True,True,False,5
187,EKACSLAK,False,False,False,True,True,True,False,True,True,False,5
188,KACSLAKT,False,False,False,True,False,True,False,True,True,False,4
189,ACSLAKTA,False,False,False,True,False,True,False,True,True,False,4
190,CSLAKTAF,False,False,False,True,False,True,False,True,True,False,4
191,SLAKTAFD,False,False,False,True,False,True,False,True,True,False,4
192,LAKTAFDE,False,False,False,True,False,True,False,True,True,False,4
193,AKTAFDEA,False,False,False,True,False,True,False,True,True,False,4
194,KTAFDEAI,False,False,False,True,False,True,False,True,True,False,4
195,TAFDEAIA,False,False,False,True,False,True,False,True,True,False,4
196,AFDEAIAE,False,False,False,True,False,True,True,True,True,False,5
197,FDEAIAEL,False,False,False,True,False,True,True,True,True,False,5
198,DEAIAELD,False,False,False,True,False,True,True,True,True,False,5
199,EAIAELDT,False,False,False,True,False,True,True,True,True,False,5
200,AIAELDTL,False,False,True,True,True,True,True,True,True,False,7
201,IAELDTLN,False,False,False,True,True,True,False,True,True,False,5
202,AELDTLNE,False,False,False,True,True,True,False,True,True,False,5
203,ELDTLNEE,False,False,False,True,False,True,True,True,True,False,5
204,LDTLNEES,False,False,False,True,False,True,True,True,True,False,5
205,DTLNEESY,False,False,False,True,False,True,True,True,True,False,5
206,TLNEESYK,False,False,False,True,False,True,True,True,True,False,5
207,LNEESYKD,False,False,False,True,False,True,True,True,True,False,5
208,NEESYKDS,False,False,False,True,False,True,True,True,True,False,5
209,EESYKDST,False,False,True,True,True,True,True,True,True,False,7
210,ESYKDSTL,False,False,True,True,True,True,True,True,True,False,7
211,SYKDSTLI,False,False,True,True,True,True,True,True,True,False,7
212,YKDSTLIM,False,False,True,True,True,True,True,True,True,False,7
213,KDSTLIMQ,False,False,True,True,True,True,True,True,True,False,7
214,DSTLIMQL,False,False,True,True,True,True,True,True,True,False,7
215,STLIMQLL,False,False,True,True,True,True,True,True,True,False,7
216,TLIMQLLR,False,False,True,True,True,True,True,True,True,False,7
217,LIMQLLRD,False,False,True,True,True,True,True,True,True,False,7
218,IMQLLRDN,False,False,True,True,True,True,True,True,True,False,7
219,MQLLRDNL,False,False,True,True,True,True,True,True,True,False,7
220,QLLRDNLT,False,False,True,True,True,True,True,True,True,False,7
221,LLRDNLTL,False,False,True,True,True,True,True,True,True,False,7
222,LRDNLTLW,False,False,True,True,True,True,True,True,True,False,7
223,RDNLTLWT,False,False,True,True,True,True,True,True,True,False,7
224,DNLTLWTS,False,False,True,True,True,True,True,True,True,False,7
225,NLTLWTSE,False,False,False,True,False,True,False,True,True,False,4
226,LTLWTSEN,False,False,False,True,False,True,False,True,True,False,4
227,TLWTSENQ,False,False,False,True,False,True,False,True,True,False,4
228,LWTSENQG,False,False,False,True,False,True,False,True,True,False,4
229,WTSENQGD,False,False,False,True,False,True,False,True,True,False,4
230,TSENQGDE,False,False,False,True,False,True,False,True,True,False,4
231,SENQGDEG,False,False,False,True,False,True,False,True,True,False,4
232,ENQGDEGD,False,False,False,True,False,True,False,True,True,False,4
233,NQGDEGDA,False,False,False,True,False,True,False,True,True,False,4
234,QGDEGDAG,False,False,False,True,False,True,False,True,True,False,4
235,GDEGDAGE,False,False,False,True,False,True,False,True,True,False,4
236,DEGDAGEG,False,False,False,True,False,True,False,True,True,False,4
237,EGDAGEGE,False,False,False,True,False,True,False,True,True,False,4
238,GDAGEGEN,False,False,False,True,False,True,False,True,True,False,4
239,DICNDVLE,False,False,False,True,False,True,False,True,True,False,4
240,ICNDVLEL,False,False,False,True,False,True,False,True,True,False,4
241,CNDVLELL,False,False,False,True,False,True,False,True,True,False,4
242,NDVLELLD,False,False,False,True,False,True,False,True,True,False,4
243,DVLELLDK,False,False,False,True,False,True,False,True,True,False,4
244,VLELLDKY,False,False,False,True,False,True,False,True,True,False,4
245,LELLDKYL,False,False,False,True,False,True,False,True,True,False,4
246,ELLDKYLI,False,False,False,True,False,True,False,True,True,False,4
247,QQMGKEYK,False,False,False,False,False,True,False,False,False,False,1
248,QMGKEYKM,False,False,False,False,False,True,False,False,False,False,1
249,MGKEYKMK,False,False,False,False,False,True,False,False,False,False,1
250,GKEYKMKG,False,False,False,False,False,True,False,False,False,False,1
251,KEYKMKGD,False,False,False,False,False,True,False,False,False,False,1
252,EYKMKGDY,False,False,False,False,False,True,False,False,False,False,1
253,YKMKGDYF,False,False,False,False,True,True,True,False,False,False,3
254,EILNSPEA,False,False,False,False,False,True,False,False,False,False,1
255,ILNSPEAI,False,False,False,False,False,True,False,False,False,False,1
256,LNSPEAIA,False,False,False,False,False,True,False,False,False,False,1
257,NSPEAIAE,False,False,True,False,False,True,False,False,False,False,2
258,SPEAIAEL,False,True,False,False,False,True,False,False,False,False,2
259,PEAIAELD,False,True,False,False,False,True,False,False,False,False,2
260,MDDREDLV,False,False,False,True,False,True,False,True,True,False,4
261,DDREDLVY,False,False,False,True,False,True,False,True,True,False,4
262,DREDLVYQ,False,False,False,True,False,True,False,True,True,False,4
263,REDLVYQA,False,False,False,True,False,True,False,True,True,False,4
264,EDLVYQAK,False,False,False,True,False,True,False,True,True,False,4
265,DLVYQAKL,False,False,False,True,False,True,False,True,True,False,4
266,LVYQAKLA,False,False,False,True,False,True,False,True,True,False,4
267,VYQAKLAE,False,False,False,True,False,True,False,True,True,False,4
268,YQAKLAEQ,False,False,False,True,False,True,False,True,True,False,4
269,QAKLAEQA,False,True,False,True,False,True,False,True,True,False,5
270,EQAERYDE,False,False,False,True,True,True,True,True,True,False,6
271,QAERYDEM,False,False,False,True,True,True,True,True,True,False,6
272,AERYDEMV,False,False,False,True,True,True,True,True,True,False,6
273,ERYDEMVE,False,False,False,True,True,True,True,True,True,False,6
274,RYDEMVES,False,False,False,True,False,True,False,True,True,False,4
275,YDEMVESM,False,False,False,True,False,True,False,True,True,False,4
276,DEMVESMK,False,False,False,True,False,True,False,True,True,False,4
277,EMVESMKK,False,False,False,True,False,True,False,True,True,False,4
278,MVESMKKV,False,False,False,True,False,True,False,True,True,False,4
279,VESMKKVA,False,False,False,True,False,True,False,True,True,False,4
280,ESMKKVAG,False,False,False,True,False,True,False,True,True,False,4
281,SMKKVAGM,False,False,False,True,False,True,False,True,True,False,4
282,MKKVAGMD,False,False,False,True,False,True,False,True,True,False,4
283,KKVAGMDV,False,False,False,True,False,True,False,True,True,False,4
284,KVAGMDVE,False,False,False,True,False,True,False,True,True,False,4
285,VAGMDVEL,False,False,False,True,False,True,False,True,True,False,4
286,AGMDVELT,False,False,False,True,False,True,False,True,True,False,4
287,GMDVELTV,False,False,False,True,False,True,False,True,True,False,4
288,MDVELTVE,False,False,False,True,True,True,True,True,True,False,6
289,DVELTVEE,False,False,True,True,True,True,True,True,True,False,7
290,VELTVEER,False,False,True,True,True,True,True,True,True,False,7
291,ELTVEERN,False,False,True,True,True,True,True,True,True,False,7
292,LTVEERNL,False,False,True,True,True,True,True,True,True,False,7
293,TVEERNLL,False,False,True,True,True,True,True,True,True,False,7
294,VEERNLLS,False,False,True,True,True,True,True,True,True,False,7
295,SVAYKNVI,False,False,True,True,True,True,True,True,True,False,7
296,VAYKNVIG,False,False,True,True,True,True,True,True,True,False,7
297,AYKNVIGA,False,False,True,True,True,True,True,True,True,False,7
298,YKNVIGAR,False,False,True,True,True,True,True,True,True,False,7
299,KNVIGARR,False,False,True,True,True,True,True,True,True,False,7
300,NVIGARRA,False,False,True,True,True,True,True,True,True,False,7
301,VIGARRAS,False,False,True,True,True,True,True,True,True,False,7
302,IGARRASW,False,False,True,True,True,True,True,True,True,False,7
303,GARRASWR,False,False,True,True,True,True,True,True,True,False,7
304,ARRASWRI,False,False,True,True,True,True,True,True,True,False,7
305,RRASWRII,False,False,True,True,True,True,True,True,True,False,7
306,RASWRIIS,False,False,True,True,True,True,True,True,True,False,7
307,ASWRIISS,False,False,True,True,True,True,True,True,True,False,7
308,SWRIISSI,False,False,True,True,True,True,True,True,True,False,7
309,WRIISSIE,False,False,True,True,True,True,True,True,True,False,7
310,RIISSIEQ,False,False,True,True,True,True,True,True,True,False,7
311,IISSIEQK,False,False,True,True,True,True,True,True,True,False,7
312,ISSIEQKE,False,False,True,True,True,True,True,True,True,False,7
313,SSIEQKEE,False,False,True,True,True,True,True,True,True,False,7
314,SIEQKEEN,False,False,False,True,True,True,False,True,True,False,5
315,IEQKEENK,False,False,False,True,True,True,False,True,True,False,5
316,EQKEENKG,False,False,False,True,True,True,False,True,True,False,5
317,QKEENKGG,False,False,False,True,False,True,False,True,True,False,4
318,KEENKGGE,False,False,False,True,False,True,False,True,True,False,4
319,EENKGGED,False,False,False,True,False,True,False,True,True,False,4
320,ENKGGEDK,False,False,False,True,False,True,False,True,True,False,4
321,NKGGEDKL,False,False,False,True,False,True,False,True,True,False,4
322,KGGEDKLK,False,False,False,True,False,True,False,True,True,False,4
323,GGEDKLKM,False,False,False,True,False,True,False,True,True,False,4
324,GEDKLKMI,False,False,False,True,False,True,False,True,True,False,4
325,EDKLKMIR,False,False,False,True,False,True,False,True,True,False,4
326,DKLKMIRE,False,False,False,True,False,True,False,True,True,False,4
327,KLKMIREY,False,False,False,True,False,True,False,True,True,False,4
328,LKMIREYR,False,False,False,True,False,True,False,True,True,False,4
329,KMIREYRQ,False,False,False,True,False,True,False,True,True,False,4
330,MIREYRQM,False,False,False,True,False,True,False,True,True,False,4
331,IREYRQMV,False,False,False,True,False,True,False,True,True,False,4
332,REYRQMVE,False,False,False,True,False,True,False,True,True,False,4
333,EYRQMVET,False,False,False,True,False,True,False,True,True,False,4
334,YRQMVETE,False,False,False,True,False,True,False,True,True,False,4
335,RQMVETEL,False,False,False,True,False,True,False,True,True,False,4
336,QMVETELK,False,False,False,True,False,True,False,True,True,False,4
337,MVETELKL,False,False,False,True,False,True,False,True,True,False,4
338,VETELKLI,False,False,False,True,False,True,False,True,True,False,4
339,ETELKLIC,False,False,False,True,False,True,False,True,True,False,4
340,TELKLICC,False,False,False,True,False,True,False,True,True,False,4
341,ELKLICCD,False,False,False,True,False,True,False,True,True,False,4
342,LKLICCDI,False,False,False,True,False,True,False,True,True,False,4
343,KLICCDIL,False,False,False,True,False,True,False,True,True,False,4
344,LICCDILD,False,False,False,True,False,True,False,True,True,False,4
345,ICCDILDV,False,False,False,True,False,True,False,True,True,False,4
346,CCDILDVL,False,False,False,True,False,True,False,True,True,False,4
347,CDILDVLD,False,False,False,True,False,True,False,True,True,False,4
348,DILDVLDK,False,False,False,True,False,True,False,True,True,False,4
349,ILDVLDKH,False,False,False,True,False,True,False,True,True,False,4
350,LDVLDKHL,False,False,False,True,False,True,False,True,True,False,4
351,DVLDKHLI,False,False,False,True,False,True,False,True,True,False,4
352,VLDKHLIP,False,False,True,True,False,True,False,True,True,False,5
353,LDKHLIPA,False,False,False,True,False,True,False,True,True,False,4
354,DKHLIPAA,False,False,False,True,False,True,False,True,True,False,4
355,KHLIPAAN,False,False,False,True,False,True,False,True,True,False,4
356,HLIPAANT,False,False,False,True,False,True,False,True,True,False,4
357,LIPAANTG,False,False,False,True,False,True,False,True,True,False,4
358,IPAANTGE,False,False,False,True,False,True,False,True,True,False,4
359,PAANTGES,False,False,False,True,False,True,False,True,True,False,4
360,AANTGESK,False,False,False,True,False,True,False,True,True,False,4
361,ANTGESKV,False,False,False,True,False,True,False,True,True,False,4
362,NTGESKVF,False,False,False,True,False,True,False,True,True,False,4
363,TGESKVFY,False,False,True,True,False,True,True,True,True,False,6
364,GESKVFYY,False,False,True,True,True,True,False,True,True,False,6
365,ESKVFYYK,False,False,True,True,True,True,False,True,True,False,6
366,SKVFYYKM,False,False,True,True,True,True,False,True,True,False,6
367,KVFYYKMK,False,False,True,True,True,True,True,True,True,False,7
368,VFYYKMKG,False,False,True,True,True,True,True,True,True,False,7
369,FYYKMKGD,False,False,True,True,True,True,True,True,True,False,7
370,YYKMKGDY,False,False,True,True,True,True,True,True,True,False,7
371,YKMKGDYH,False,False,True,True,True,True,True,True,True,False,7
372,KMKGDYHR,False,False,True,True,True,True,True,True,True,False,7
373,MKGDYHRY,False,False,True,True,True,True,True,True,True,False,7
374,KGDYHRYL,False,False,True,True,True,True,True,True,True,False,7
375,GDYHRYLA,False,False,True,True,True,True,True,True,True,False,7
376,DYHRYLAE,False,False,True,True,True,True,True,True,True,False,7
377,YHRYLAEF,False,False,True,True,True,True,True,True,True,False,7
378,HRYLAEFA,False,False,True,True,True,True,False,True,True,False,6
379,RYLAEFAT,False,False,False,True,True,True,False,True,True,False,5
380,YLAEFATG,False,False,False,True,True,True,False,True,True,False,5
381,LAEFATGN,False,False,False,True,True,True,False,True,True,False,5
382,AEFATGND,False,False,False,True,False,True,False,True,True,False,4
383,EFATGNDR,False,False,False,True,False,True,False,True,True,False,4
384,FATGNDRK,False,False,False,True,False,True,False,True,True,False,4
385,ATGNDRKE,False,False,False,True,False,True,False,True,True,False,4
386,TGNDRKEA,False,False,False,True,False,True,False,True,True,False,4
387,GNDRKEAA,False,False,False,True,False,True,False,True,True,False,4
388,NDRKEAAE,False,False,False,True,False,True,False,True,True,False,4
389,DRKEAAEN,False,False,False,True,False,True,False,True,True,False,4
390,RKEAAENS,False,False,False,True,False,True,False,True,True,False,4
391,KEAAENSL,False,False,False,True,False,True,False,True,True,False,4
392,EAAENSLV,False,False,False,True,False,True,False,True,True,False,4
393,AAENSLVA,False,False,False,True,False,True,False,True,True,False,4
394,AENSLVAY,False,False,False,True,False,True,False,True,True,False,4
395,ENSLVAYK,False,False,False,True,False,True,False,True,True,False,4
396,NSLVAYKA,False,False,False,True,False,True,False,True,True,False,4
397,SLVAYKAA,False,False,False,True,False,True,False,True,True,False,4
398,LVAYKAAS,False,False,False,True,False,True,False,True,True,False,4
399,VAYKAASD,False,False,False,True,False,True,False,True,True,False,4
400,AYKAASDI,False,False,True,True,True,True,False,True,True,False,6
401,YKAASDIA,False,False,True,True,True,True,False,True,True,False,6
402,KAASDIAM,False,False,False,True,True,True,False,True,True,False,5
403,AASDIAMT,False,False,False,True,False,True,False,True,True,False,4
404,ASDIAMTE,False,False,False,True,False,True,False,True,True,False,4
405,SDIAMTEL,False,False,False,True,False,True,False,True,True,False,4
406,DIAMTELP,False,False,False,True,False,True,False,True,True,False,4
407,IAMTELPP,False,False,False,True,False,True,False,True,True,False,4
408,AMTELPPT,False,False,False,True,False,True,False,True,True,False,4
409,MTELPPTH,False,False,False,True,False,True,False,True,True,False,4
410,TELPPTHP,False,False,True,True,True,True,True,True,True,False,7
411,ELPPTHPI,False,False,True,True,True,True,True,True,True,False,7
412,LPPTHPIR,False,False,True,True,True,True,True,True,True,False,7
413,PPTHPIRL,False,False,True,True,True,True,True,True,True,False,7
414,YEILNSPD,False,False,True,True,True,True,True,True,True,False,7
415,EILNSPDR,False,False,True,True,True,True,True,True,True,False,7
416,ILNSPDRA,False,False,True,True,True,True,True,True,True,False,7
417,LNSPDRAC,False,False,True,True,True,True,True,True,True,False,7
418,NSPDRACR,False,False,False,True,True,True,False,True,True,False,5
419,SPDRACRL,False,False,False,True,True,True,False,True,True,False,5
420,PDRACRLA,False,False,False,True,True,True,False,True,True,False,5
421,DRACRLAK,False,False,False,True,True,True,False,True,True,False,5
422,RACRLAKA,False,False,False,True,True,True,False,True,True,False,5
423,ACRLAKAA,False,False,False,True,True,True,False,True,True,False,5
424,CRLAKAAF,False,False,False,True,True,True,False,True,True,False,5
425,RLAKAAFD,False,False,False,True,True,True,False,True,True,False,5
426,LAKAAFDD,False,False,False,True,True,True,True,True,True,False,6
427,AKAAFDDA,False,False,False,True,True,True,True,True,True,False,6
428,KAAFDDAI,False,True,False,True,True,True,True,True,True,False,7
429,AAFDDAIA,False,True,False,True,True,True,True,True,True,False,7
430,AFDDAIAE,False,False,True,True,True,True,True,True,True,False,7
431,FDDAIAEL,False,False,True,True,True,True,True,True,True,False,7
432,DDAIAELD,False,False,True,True,True,True,True,True,True,False,7
433,DAIAELDT,False,False,True,True,True,True,True,True,True,False,7
434,IAELDTLS,False,False,True,True,True,True,True,True,True,False,7
435,AELDTLSE,False,False,True,True,True,True,True,True,True,False,7
436,ELDTLSEE,False,True,True,True,True,True,True,True,True,False,8
437,LDTLSEES,False,False,True,True,True,True,True,True,True,False,7
438,DTLSEESY,False,False,True,True,True,True,True,True,True,False,7
439,TLSEESYK,False,False,True,True,True,True,True,True,True,False,7
440,LSEESYKD,False,False,True,True,True,True,True,True,True,False,7
441,SEESYKDS,False,False,True,True,True,True,True,True,True,False,7
442,NLTLWTSD,False,False,True,True,True,True,True,True,True,False,7
443,LTLWTSDM,False,False,True,True,True,True,True,True,True,False,7
444,TLWTSDMQ,False,False,False,True,True,True,True,True,True,False,6
445,LWTSDMQG,False,False,False,True,False,True,False,True,True,False,4
446,WTSDMQGD,False,False,False,True,False,True,False,True,True,False,4
447,TSDMQGDG,False,False,False,True,False,True,False,True,True,False,4
448,SDMQGDGE,False,False,False,True,False,True,False,True,True,False,4
449,DMQGDGEE,False,False,False,True,False,True,False,True,True,False,4
450,MQGDGEEQ,False,False,False,True,False,True,False,True,True,False,4
451,QGDGEEQN,False,False,False,True,False,True,False,True,True,False,4
452,GDGEEQNK,False,False,False,True,False,True,False,True,True,False,4
453,DGEEQNKE,False,False,False,True,False,True,False,True,True,False,4
454,GEEQNKEA,False,False,False,True,False,True,False,True,True,False,4
455,EEQNKEAL,False,False,False,True,False,True,False,True,True,False,4
456,EQNKEALQ,False,False,False,True,False,True,False,True,True,False,4
457,QNKEALQD,False,False,False,True,False,True,False,True,True,False,4
458,NKEALQDV,False,False,False,True,False,True,False,True,True,False,4
459,KEALQDVE,False,False,False,True,False,True,False,True,True,False,4
460,EALQDVED,False,False,False,True,False,True,False,True,True,False,4
461,ALQDVEDE,False,False,False,True,False,True,False,True,True,False,4
462,LQDVEDEN,False,False,False,True,False,True,False,True,True,False,4
463,QDVEDENQ,False,False,False,True,False,True,False,True,True,False,4
464,MGDREQLL,False,False,False,True,False,True,False,True,False,False,3
465,GDREQLLQ,False,False,False,True,False,True,False,True,False,False,3
466,DREQLLQR,False,False,False,True,False,True,False,True,False,False,3
467,REQLLQRA,False,False,False,True,False,True,False,True,False,False,3
468,EQLLQRAR,False,False,False,True,False,True,False,True,False,False,3
469,QLLQRARL,False,False,False,True,False,True,False,True,False,False,3
470,LLQRARLA,False,False,False,True,False,True,False,True,False,False,3
471,LQRARLAE,False,True,False,True,False,True,False,True,False,False,4
472,QRARLAEQ,False,False,False,True,False,True,False,True,False,False,3
473,RARLAEQA,False,False,False,True,False,True,False,True,False,False,3
474,ARLAEQAE,False,False,False,True,False,True,True,True,True,False,5
475,RLAEQAER,False,False,False,True,False,True,True,True,True,False,5
476,ERYDDMAS,False,False,False,True,False,True,False,True,True,False,4
477,RYDDMASA,False,False,False,True,False,True,False,True,False,False,3
478,YDDMASAM,False,False,False,True,False,True,False,True,False,False,3
479,DDMASAMK,False,False,False,True,False,True,False,True,False,False,3
480,DMASAMKA,False,False,False,True,False,True,False,True,False,False,3
481,MASAMKAV,False,False,False,True,False,True,False,True,False,False,3
482,ASAMKAVT,False,False,False,True,False,True,False,True,False,False,3
483,SAMKAVTE,False,False,False,True,False,True,False,True,False,False,3
484,AMKAVTEL,False,False,False,True,False,True,False,True,True,False,4
485,MKAVTELN,False,False,False,True,False,True,False,True,True,False,4
486,KAVTELNE,False,False,False,True,False,True,False,True,True,False,4
487,AVTELNEP,False,False,False,True,False,True,False,True,True,False,4
488,VTELNEPL,False,False,False,True,False,True,False,True,True,False,4
489,TELNEPLS,False,False,False,True,False,True,False,True,True,False,4
490,ELNEPLSN,False,False,False,True,False,True,False,True,True,False,4
491,LNEPLSNE,False,False,False,True,False,True,False,True,True,False,4
492,NEPLSNED,False,False,False,True,False,True,False,True,False,False,3
493,EPLSNEDR,False,False,False,True,False,True,False,True,False,False,3
494,PLSNEDRN,False,False,False,True,False,True,False,True,False,False,3
495,LSNEDRNL,False,False,False,True,False,True,False,True,False,False,3
496,SNEDRNLL,False,False,False,True,False,True,False,True,False,False,3
497,NEDRNLLS,False,False,False,True,False,True,False,True,False,False,3
498,EDRNLLSV,False,False,False,True,False,True,False,True,False,False,3
499,DRNLLSVA,False,False,False,True,False,True,False,True,False,False,3
500,SSIEQKTM,False,False,False,True,False,True,False,True,False,False,3
501,SIEQKTMA,False,False,False,True,False,True,False,True,False,False,3
502,IEQKTMAD,False,False,False,True,False,True,False,True,False,False,3
503,EQKTMADG,False,False,False,True,False,True,False,True,False,False,3
504,QKTMADGN,False,False,False,True,False,True,False,True,False,False,3
505,KTMADGNE,False,False,False,True,False,True,False,True,False,False,3
506,TMADGNEK,False,False,False,True,False,True,False,True,False,False,3
507,MADGNEKK,False,False,False,True,False,True,False,True,False,False,3
508,ADGNEKKL,False,False,False,True,False,True,False,True,False,False,3
509,DGNEKKLE,False,False,False,True,False,True,False,True,False,False,3
510,GNEKKLEK,False,False,False,True,False,True,False,True,False,False,3
511,NEKKLEKV,False,False,False,True,False,True,False,True,False,False,3
512,EKKLEKVK,False,False,False,True,False,True,False,True,False,False,3
513,KKLEKVKA,False,False,False,True,False,True,False,True,False,False,3
514,KLEKVKAY,False,False,False,True,False,True,False,True,False,False,3
515,LEKVKAYR,False,False,False,True,False,True,False,True,False,False,3
516,EKVKAYRE,False,False,False,True,False,True,False,True,False,False,3
517,KVKAYREK,False,False,False,True,False,True,False,True,False,False,3
518,VKAYREKI,False,False,False,True,False,True,False,True,False,False,3
519,KAYREKIE,False,False,False,True,False,True,False,True,False,False,3
520,AYREKIEK,False,False,False,True,False,True,False,True,True,False,4
521,YREKIEKE,False,False,False,True,True,True,False,True,True,False,5
522,REKIEKEL,False,False,False,True,True,True,False,True,True,False,5
523,EKIEKELE,False,False,False,True,False,True,False,True,True,False,4
524,KIEKELET,False,False,False,True,False,True,False,True,True,False,4
525,IEKELETV,False,False,False,True,False,True,False,True,True,False,4
526,EKELETVC,False,False,False,True,False,True,False,True,True,False,4
527,KELETVCN,False,False,False,True,False,True,False,True,False,False,3
528,ELETVCND,False,False,False,True,False,True,False,True,False,False,3
529,LETVCNDV,False,False,False,True,False,True,False,True,False,False,3
530,ETVCNDVL,False,False,False,True,False,True,False,True,False,False,3
531,TVCNDVLA,False,False,False,False,False,True,False,True,False,False,2
532,VCNDVLAL,False,False,False,False,False,True,False,True,False,False,2
533,CNDVLALL,False,False,False,False,True,True,False,True,False,False,3
534,NDVLALLD,False,False,False,False,False,True,False,True,False,False,2
535,DVLALLDK,False,True,False,False,False,True,False,True,False,False,3
536,VLALLDKF,False,False,False,False,False,True,False,True,False,False,2
537,LALLDKFL,False,False,False,False,False,True,False,True,False,False,2
538,ALLDKFLI,False,False,False,False,False,True,False,True,False,False,2
539,LLDKFLIK,False,False,False,True,False,True,False,True,False,False,3
540,LDKFLIKN,False,False,False,True,False,True,False,True,False,False,3
541,DKFLIKNC,False,False,False,True,False,True,False,True,False,False,3
542,KFLIKNCN,False,False,False,True,False,True,False,True,False,False,3
543,FLIKNCND,False,False,False,True,False,True,False,True,False,False,3
544,LIKNCNDF,False,False,False,True,False,True,False,True,False,False,3
545,IKNCNDFQ,False,False,False,True,False,True,False,True,False,False,3
546,KNCNDFQY,False,False,False,True,False,True,False,True,False,False,3
547,NCNDFQYE,False,False,False,True,False,True,False,True,False,False,3
548,CNDFQYES,False,False,False,True,False,True,False,True,False,False,3
549,NDFQYESK,False,False,False,True,False,True,False,True,False,False,3
550,DFQYESKV,False,False,False,True,False,True,False,True,False,False,3
551,FQYESKVF,False,False,False,True,False,True,False,True,False,False,3
552,QYESKVFY,False,False,False,True,False,True,False,True,True,False,4
553,YESKVFYL,False,False,False,True,False,True,False,True,True,False,4
554,LKMKGDYY,False,False,True,True,True,True,True,True,True,False,7
555,KMKGDYYR,False,False,True,True,True,True,True,True,True,False,7
556,MKGDYYRY,False,False,True,True,True,True,True,True,True,False,7
557,KGDYYRYL,False,False,True,True,True,True,True,True,True,False,7
558,GDYYRYLA,False,False,True,True,True,True,True,True,True,False,7
559,DYYRYLAE,False,False,True,True,True,True,True,True,True,False,7
560,YYRYLAEV,False,False,False,True,True,True,False,True,True,False,5
561,YRYLAEVA,False,False,False,True,True,True,False,True,True,False,5
562,RYLAEVAS,False,False,False,True,True,True,False,True,True,False,5
563,YLAEVASG,False,False,False,True,True,True,False,True,True,False,5
564,LAEVASGE,False,False,False,True,False,True,False,True,False,False,3
565,AEVASGEK,False,False,False,True,False,True,False,True,False,False,3
566,EVASGEKK,False,False,False,True,False,True,False,True,False,False,3
567,VASGEKKN,False,False,False,True,False,True,False,True,False,False,3
568,ASGEKKNS,False,False,False,True,False,True,False,True,False,False,3
569,SGEKKNSV,False,False,False,True,False,True,False,True,False,False,3
570,GEKKNSVV,False,False,False,True,False,True,False,True,False,False,3
571,EKKNSVVE,False,False,False,True,False,True,False,True,False,False,3
572,KKNSVVEA,False,False,False,True,False,True,False,True,False,False,3
573,KNSVVEAS,False,False,False,True,False,True,False,True,False,True,4
574,NSVVEASE,False,False,False,True,False,True,False,True,False,False,3
575,SVVEASEA,False,True,False,True,False,True,False,True,False,False,4
576,VVEASEAA,False,False,False,True,False,True,False,True,False,False,3
577,VEASEAAY,False,False,False,True,False,True,False,True,False,False,3
578,EASEAAYK,False,False,False,True,False,True,False,True,False,False,3
579,ASEAAYKE,False,False,False,True,False,True,False,True,False,False,3
580,SEAAYKEA,False,True,False,True,False,True,False,True,False,False,4
581,EAAYKEAF,False,False,False,True,False,True,False,True,False,False,3
582,AAYKEAFE,False,False,False,True,False,True,False,True,False,False,3
583,AYKEAFEI,False,False,False,True,False,True,False,True,False,False,3
584,YKEAFEIS,False,False,False,True,False,True,False,True,False,False,3
585,KEAFEISK,False,False,False,True,False,True,False,True,False,False,3
586,EAFEISKE,False,False,False,True,False,True,False,True,False,False,3
587,AFEISKEH,False,False,False,False,False,True,False,True,False,False,2
588,FEISKEHM,False,False,False,False,False,True,False,True,False,False,2
589,EISKEHMQ,False,False,False,True,False,True,False,True,True,False,4
590,ISKEHMQP,False,False,False,True,False,True,False,True,True,False,4
591,SKEHMQPT,False,False,False,True,False,True,False,True,True,False,4
592,KEHMQPTH,False,False,False,True,False,True,False,True,True,False,4
593,EHMQPTHP,False,False,False,True,False,True,False,True,True,False,4
594,HMQPTHPI,False,False,False,True,False,True,False,True,True,False,4
595,SVFYYEIQ,False,False,True,True,False,True,False,True,True,False,5
596,VFYYEIQN,False,False,True,True,False,True,False,True,True,False,5
597,FYYEIQNA,False,False,False,True,False,True,False,True,True,False,4
598,YYEIQNAP,False,False,False,True,False,True,False,True,True,False,4
599,YEIQNAPE,False,False,False,True,False,True,False,True,True,False,4
600,EIQNAPEQ,False,False,False,True,False,True,False,True,True,False,4
601,IQNAPEQA,False,False,False,True,False,True,False,True,True,False,4
602,QNAPEQAC,False,False,False,True,False,True,False,True,True,False,4
603,NAPEQACL,False,False,False,True,False,True,False,True,False,False,3
604,APEQACLL,False,False,False,True,False,True,False,True,False,False,3
605,PEQACLLA,False,False,False,True,False,True,False,True,False,False,3
606,EQACLLAK,False,False,False,True,False,True,False,True,False,False,3
607,QACLLAKQ,False,False,False,True,False,True,False,True,False,False,3
608,ACLLAKQA,False,False,False,True,False,True,False,True,False,False,3
609,CLLAKQAF,False,False,False,True,False,True,False,True,False,False,3
610,LLAKQAFD,False,False,False,True,False,True,False,True,False,False,3
611,LAKQAFDD,False,False,True,True,True,True,True,True,False,False,6
612,AKQAFDDA,False,False,True,True,True,True,True,True,False,False,6
613,KQAFDDAI,False,False,True,True,True,True,True,True,False,False,6
614,QAFDDAIA,False,False,True,True,True,True,True,True,False,False,6
615,ELDTLNED,False,False,False,True,True,True,False,True,True,False,5
616,LDTLNEDS,False,False,False,True,True,True,False,True,True,False,5
617,DTLNEDSY,False,False,False,True,True,True,False,True,True,False,5
618,TLNEDSYK,False,False,False,True,True,True,False,True,True,False,5
619,LNEDSYKD,False,False,False,True,True,True,True,True,True,False,6
620,NEDSYKDS,False,False,False,True,True,True,True,True,True,False,6
621,EDSYKDST,False,False,True,True,True,True,True,True,True,False,7
622,DSYKDSTL,False,False,True,True,True,True,True,True,True,False,7
623,LTLWTSDQ,False,False,False,True,False,True,True,True,True,False,5
624,TLWTSDQQ,False,False,False,True,False,True,False,True,True,False,4
625,LWTSDQQD,False,False,False,True,False,True,False,True,True,False,4
626,WTSDQQDE,False,False,False,True,False,True,False,True,False,False,3
627,TSDQQDEE,False,False,False,True,False,True,False,True,False,False,3
628,SDQQDEEA,False,False,False,True,False,True,False,True,False,False,3
629,DQQDEEAG,False,False,False,True,False,True,False,True,False,False,3
630,QQDEEAGE,False,False,False,True,False,True,False,True,False,False,3
631,QDEEAGEG,False,False,False,True,False,True,False,True,False,False,3
632,DEEAGEGN,False,False,False,True,False,True,False,True,False,False,3
633,MVDREQLV,False,False,False,True,False,True,False,True,True,False,4
634,VDREQLVQ,False,False,False,True,False,True,False,True,True,False,4
635,DREQLVQK,False,False,False,True,False,True,False,True,True,False,4
636,REQLVQKA,False,False,False,True,False,True,False,True,True,False,4
637,EQLVQKAR,False,False,False,True,False,True,False,True,True,False,4
638,QLVQKARL,False,False,False,True,False,True,False,True,True,False,4
639,LVQKARLA,False,False,False,True,False,True,False,True,True,False,4
640,VQKARLAE,False,False,False,True,False,True,False,True,True,False,4
641,QKARLAEQ,False,False,False,True,False,True,False,True,True,False,4
642,KARLAEQA,False,False,False,True,False,True,False,True,True,False,4
643,DMAAAMKN,False,False,False,True,False,True,False,True,True,False,4
644,MAAAMKNV,False,False,False,True,False,True,False,True,True,False,4
645,AAAMKNVT,False,False,False,True,False,True,False,True,True,False,4
646,AAMKNVTE,False,False,False,True,False,True,False,True,True,False,4
647,AMKNVTEL,False,False,False,True,False,True,False,True,True,False,4
648,MKNVTELN,False,False,False,True,False,True,False,True,True,False,4
649,KNVTELNE,False,False,False,True,False,True,False,True,True,False,4
650,NVTELNEP,False,False,False,True,False,True,False,True,True,False,4
651,NEPLSNEE,False,False,False,True,False,True,False,True,True,False,4
652,EPLSNEER,False,True,False,True,False,True,False,True,True,False,5
653,PLSNEERN,False,False,False,True,False,True,False,True,True,False,4
654,SSIEQKTS,False,False,False,True,False,True,False,True,True,False,4
655,SIEQKTSA,False,False,False,True,False,True,False,True,True,False,4
656,IEQKTSAD,False,False,False,True,False,True,False,True,True,False,4
657,EQKTSADG,False,False,False,True,False,True,False,True,True,False,4
658,QKTSADGN,False,False,False,True,False,True,False,True,True,False,4
659,KTSADGNE,False,False,False,True,False,True,False,True,True,False,4
660,TSADGNEK,False,False,False,True,False,True,False,True,True,False,4
661,SADGNEKK,False,False,False,True,False,True,False,True,True,False,4
662,ADGNEKKI,False,False,False,True,False,True,False,True,True,False,4
663,DGNEKKIE,False,False,False,True,False,True,False,True,True,False,4
664,GNEKKIEM,False,False,False,True,False,True,False,True,True,False,4
665,NEKKIEMV,False,False,False,True,False,True,False,True,True,False,4
666,EKKIEMVR,False,False,False,True,False,True,False,True,True,False,4
667,KKIEMVRA,False,False,False,True,False,True,False,True,True,False,4
668,KIEMVRAY,False,False,False,True,False,True,False,True,True,False,4
669,IEMVRAYR,False,False,False,True,False,True,False,True,True,False,4
670,EMVRAYRE,False,False,False,True,False,True,False,True,True,False,4
671,MVRAYREK,False,False,False,True,False,True,False,True,True,False,4
672,VRAYREKI,False,False,False,True,False,True,False,True,True,False,4
673,RAYREKIE,False,False,False,True,False,True,False,True,True,False,4
674,KIEKELEA,False,False,False,True,False,True,False,True,True,False,4
675,IEKELEAV,False,False,False,True,False,True,False,True,True,False,4
676,EKELEAVC,False,False,False,True,False,True,False,True,True,False,4
677,KELEAVCQ,False,False,False,True,False,True,False,True,True,False,4
678,ELEAVCQD,False,False,False,True,False,True,False,True,True,False,4
679,LEAVCQDV,False,False,False,True,False,True,False,True,True,False,4
680,EAVCQDVL,False,False,False,True,False,True,False,True,True,False,4
681,AVCQDVLS,False,False,False,True,False,True,False,True,True,False,4
682,VCQDVLSL,False,False,False,True,False,True,False,True,True,False,4
683,CQDVLSLL,False,False,False,True,False,True,False,True,True,False,4
684,QDVLSLLD,False,False,False,True,False,True,False,True,True,False,4
685,DVLSLLDN,False,False,False,True,False,True,False,True,True,False,4
686,VLSLLDNY,False,False,False,True,False,True,False,True,True,False,4
687,LSLLDNYL,False,False,False,True,False,True,False,True,True,False,4
688,SLLDNYLI,False,False,False,True,False,True,False,True,True,False,4
689,LLDNYLIK,False,False,False,True,False,True,False,True,True,False,4
690,LDNYLIKN,False,False,False,True,False,True,False,True,True,False,4
691,DNYLIKNC,False,False,False,True,False,True,False,True,True,False,4
692,NYLIKNCS,False,False,False,True,False,True,False,True,True,False,4
693,YLIKNCSE,False,False,False,True,False,True,False,True,True,False,4
694,LIKNCSET,False,False,False,True,False,True,False,True,True,False,4
695,IKNCSETQ,False,False,False,True,False,True,False,True,True,False,4
696,KNCSETQI,False,False,False,False,False,True,False,False,False,False,1
697,NCSETQIE,False,False,False,False,False,True,False,False,False,False,1
698,CSETQIES,False,False,False,False,False,True,False,False,False,False,1
699,SETQIESK,False,False,False,False,False,True,False,False,False,False,1
700,ETQIESKV,False,False,False,False,False,True,False,False,False,False,1
701,TQIESKVF,False,False,False,False,False,True,False,False,False,False,1
702,QIESKVFY,False,False,False,False,False,True,False,False,False,False,1
703,IESKVFYL,False,False,False,False,False,True,False,False,False,False,1
704,RYLAEVAT,False,False,False,True,True,True,False,True,True,False,5
705,YLAEVATG,False,False,False,True,True,True,False,True,True,False,5
706,LAEVATGE,False,False,False,True,True,True,False,True,True,False,5
707,AEVATGEK,False,False,False,True,False,True,False,True,True,False,4
708,EVATGEKR,False,False,False,True,False,True,False,True,True,False,4
709,VATGEKRA,False,False,False,True,False,True,False,True,True,False,4
710,ATGEKRAT,False,False,False,True,False,True,False,True,True,False,4
711,TGEKRATV,False,False,False,True,False,True,False,True,True,False,4
712,GEKRATVV,False,False,False,True,False,True,False,True,True,False,4
713,EKRATVVE,False,False,False,True,False,True,False,True,True,False,4
714,KRATVVES,False,False,False,True,False,True,False,True,True,False,4
715,RATVVESS,False,False,False,True,False,True,False,True,True,False,4
716,ATVVESSE,False,False,False,True,False,True,False,True,True,False,4
717,TVVESSEK,False,False,False,True,False,True,False,True,True,False,4
718,VVESSEKA,False,False,False,True,False,True,False,True,True,False,4
719,VESSEKAY,False,False,False,True,False,True,False,True,True,False,4
720,ESSEKAYS,False,False,False,True,False,True,False,True,True,False,4
721,SSEKAYSE,False,False,False,True,False,True,False,True,True,False,4
722,SEKAYSEA,False,False,False,True,False,True,False,True,True,True,5
723,EKAYSEAH,False,False,False,True,False,True,False,True,True,False,4
724,KAYSEAHE,False,False,False,True,False,True,False,True,True,False,4
725,AYSEAHEI,False,False,False,True,False,True,False,True,True,False,4
726,YSEAHEIS,False,False,False,True,False,True,False,True,True,False,4
727,SEAHEISK,False,False,False,True,False,True,False,True,True,False,4
728,EAHEISKE,False,False,False,True,False,True,False,True,True,False,4
729,AHEISKEH,False,False,False,True,False,True,False,True,True,False,4
730,HEISKEHM,False,False,False,True,False,True,False,True,True,False,4
731,RLGLALNY,False,False,False,True,True,True,True,True,True,False,6
732,LGLALNYS,False,False,True,True,True,True,True,True,True,False,7
733,GLALNYSV,False,False,True,True,True,True,True,True,True,False,7
734,LALNYSVF,False,False,True,True,True,True,True,True,True,False,7
735,ALNYSVFY,False,False,False,True,True,True,True,True,True,False,6
736,LNYSVFYY,False,False,False,True,True,True,True,True,True,False,6
737,NYSVFYYE,False,False,False,True,True,True,True,True,True,False,6
738,YSVFYYEI,False,False,False,True,True,True,True,True,True,False,6
739,NAPEQACH,False,False,False,True,False,True,False,True,True,False,4
740,APEQACHL,False,False,False,True,False,True,False,True,True,False,4
741,PEQACHLA,False,False,False,True,False,True,False,True,True,False,4
742,EQACHLAK,False,False,False,True,False,True,False,True,True,False,4
743,QACHLAKT,False,False,False,True,False,True,False,True,True,False,4
744,ACHLAKTA,False,False,False,True,False,True,False,True,True,False,4
745,CHLAKTAF,False,False,False,True,False,True,False,True,True,False,4
746,HLAKTAFD,False,False,False,True,False,True,False,True,True,False,4
747,LAKTAFDD,False,False,False,True,True,True,False,True,True,False,5
748,AKTAFDDA,False,False,False,True,True,True,False,True,True,False,5
749,KTAFDDAI,False,False,False,True,True,True,False,True,True,False,5
750,TAFDDAIA,False,False,False,True,True,True,False,True,True,False,5
751,WTSDQQDD,False,False,False,True,False,True,False,True,True,False,4
752,TSDQQDDD,False,False,False,True,False,True,False,True,True,False,4
753,SDQQDDDG,False,False,False,True,False,True,False,True,True,False,4
754,DQQDDDGG,False,False,False,True,False,True,False,True,True,False,4
755,QQDDDGGE,False,False,False,True,False,True,False,True,True,False,4
756,QDDDGGEG,False,False,False,True,False,True,False,True,True,False,4
757,DDDGGEGN,False,False,False,True,False,True,False,True,True,False,4
758,DDGGEGNN,False,False,False,True,False,True,False,True,True,False,4
759,KNCSETQY,False,False,False,True,False,True,False,True,True,False,4
760,NCSETQYE,False,False,False,True,False,True,False,True,True,False,4
761,CSETQYES,False,False,False,True,False,True,False,True,True,False,4
762,SETQYESK,False,False,False,True,False,True,False,True,True,False,4
763,ETQYESKV,False,False,False,True,False,True,False,True,True,False,4
764,TQYESKVF,False,False,False,True,False,True,False,True,True,False,4
765,SIEQKTSF,False,False,False,False,False,True,False,False,False,False,1
766,IEQKTSFY,False,False,False,False,False,True,False,False,False,False,1
767,EQKTSFYL,False,False,False,False,False,True,False,False,False,False,1
768,QKTSFYLK,False,False,False,False,False,True,False,False,False,False,1
769,KTSFYLKM,False,False,False,False,False,True,False,False,False,False,1
770,TSFYLKMK,False,False,False,False,False,True,False,False,False,False,1
771,SFYLKMKG,False,False,False,False,False,True,False,False,False,False,1
772,SVFYYEIT,False,False,False,False,False,True,False,False,False,False,1
773,VFYYEITA,False,False,False,False,False,True,False,False,False,False,1
774,FYYEITAF,False,False,False,False,False,True,False,False,False,False,1
775,YYEITAFD,False,False,False,False,False,True,False,False,False,False,1
776,YEITAFDD,False,False,False,False,False,True,False,False,False,False,1
777,EITAFDDA,False,False,False,False,False,True,False,False,False,False,1
778,ITAFDDAI,False,False,False,False,False,True,False,False,False,False,1
779,MERASLIQ,False,False,False,True,False,True,False,True,False,False,3
780,ERASLIQK,False,False,False,True,False,True,False,True,False,False,3
781,RASLIQKA,False,False,False,True,False,True,False,True,False,False,3
782,ASLIQKAK,False,False,False,True,False,True,False,True,False,False,3
783,SLIQKAKL,False,False,False,True,False,True,False,True,False,False,3
784,LIQKAKLA,False,False,False,True,False,True,False,True,True,False,4
785,IQKAKLAE,False,False,False,True,False,True,False,True,True,False,4
786,AEQAERYE,False,False,True,True,True,True,True,True,False,False,6
787,EQAERYED,False,False,False,True,True,True,False,True,False,False,4
788,QAERYEDM,False,False,False,True,True,True,False,True,False,False,4
789,AERYEDMA,False,False,False,True,True,True,False,True,False,False,4
790,ERYEDMAA,False,False,False,True,False,True,False,True,False,False,3
791,RYEDMAAF,False,False,False,True,False,True,False,True,False,False,3
792,YEDMAAFM,False,False,False,True,False,True,False,True,False,False,3
793,EDMAAFMK,False,False,False,True,False,True,False,True,False,False,3
794,DMAAFMKS,False,False,False,False,False,True,False,True,False,False,2
795,MAAFMKSA,False,False,False,False,False,True,False,True,False,False,2
796,AAFMKSAV,False,False,False,False,False,True,False,True,False,False,2
797,AFMKSAVE,False,False,False,False,False,True,False,True,False,False,2
798,FMKSAVEK,False,False,False,False,False,True,False,True,False,False,2
799,MKSAVEKG,False,False,False,False,False,True,False,True,False,False,2
800,KSAVEKGE,False,False,False,False,False,True,False,True,False,False,2
801,SAVEKGEE,False,False,False,False,False,True,False,True,False,False,2
802,AVEKGEEL,False,False,False,True,False,True,False,True,False,False,3
803,VEKGEELS,False,False,False,True,False,True,False,True,False,False,3
804,EKGEELSC,False,False,False,True,False,True,False,True,False,False,3
805,KGEELSCE,False,False,False,True,False,True,False,True,False,False,3
806,GEELSCEE,False,False,False,True,False,True,False,True,False,False,3
807,EELSCEER,False,False,False,True,False,True,False,True,False,False,3
808,ELSCEERN,False,False,False,True,False,True,False,True,False,False,3
809,LSCEERNL,False,False,False,True,False,True,False,True,False,False,3
810,SCEERNLL,False,False,False,True,False,True,False,True,False,False,3
811,CEERNLLS,False,False,False,True,False,True,False,True,False,False,3
812,AYKNVVGG,False,False,False,True,False,True,False,True,True,False,4
813,YKNVVGGQ,False,False,False,True,False,True,False,True,False,False,3
814,KNVVGGQR,False,False,False,True,False,True,False,True,False,False,3
815,NVVGGQRA,False,False,False,True,False,True,False,True,False,False,3
816,VVGGQRAA,False,False,False,True,False,True,False,True,False,False,3
817,VGGQRAAW,False,False,False,True,False,True,False,True,False,False,3
818,GGQRAAWR,False,False,False,True,False,True,False,True,False,False,3
819,GQRAAWRV,False,False,False,True,False,True,False,True,False,False,3
820,QRAAWRVL,False,False,False,True,False,True,False,True,False,False,3
821,RAAWRVLS,False,False,False,True,False,True,False,True,False,False,3
822,AAWRVLSS,False,False,False,True,False,True,False,True,False,False,3
823,AWRVLSSI,False,False,False,True,False,True,False,True,False,False,3
824,WRVLSSIE,False,False,False,True,False,True,False,True,False,False,3
825,RVLSSIEQ,False,False,False,True,False,True,False,True,False,False,3
826,VLSSIEQK,False,False,False,True,True,True,False,True,False,False,4
827,LSSIEQKS,False,False,False,True,False,True,False,True,False,False,3
828,SSIEQKSN,False,False,False,True,False,True,False,True,False,False,3
829,SIEQKSNE,False,False,False,True,False,True,False,True,False,False,3
830,IEQKSNEE,False,False,False,True,False,True,False,True,False,False,3
831,EQKSNEES,False,False,False,False,False,True,False,False,False,False,1
832,QKSNEESS,False,False,False,False,False,True,False,False,False,False,1
833,KSNEESSE,False,False,False,False,False,True,False,False,False,False,1
834,SNEESSEE,False,True,False,False,False,True,False,False,False,False,2
835,NEESSEEK,False,False,False,False,False,True,False,False,False,False,1
836,EESSEEKG,False,False,False,False,False,True,False,False,False,False,1
837,ESSEEKGP,False,False,False,False,False,True,False,False,False,False,1
838,SSEEKGPE,False,False,False,False,False,True,False,False,False,False,1
839,SEEKGPEV,False,False,False,True,False,True,False,True,False,False,3
840,EEKGPEVQ,False,False,False,False,False,True,False,False,False,False,1
841,EKGPEVQE,False,False,False,False,False,True,False,False,False,False,1
842,KGPEVQEY,False,False,False,False,False,True,False,False,False,False,1
843,GPEVQEYR,False,False,False,False,False,True,False,False,False,False,1
844,PEVQEYRE,False,False,False,False,False,True,False,False,False,False,1
845,EVQEYREK,False,False,False,False,False,True,False,False,False,False,1
846,VQEYREKV,False,False,False,False,False,True,False,False,False,False,1
847,QEYREKVE,False,False,False,False,False,True,False,False,False,False,1
848,EYREKVET,False,False,False,True,False,True,False,True,True,False,4
849,YREKVETE,False,False,False,True,False,True,False,True,True,False,4
850,REKVETEL,False,False,False,True,False,True,False,True,True,False,4
851,EKVETELR,False,False,False,False,False,True,False,True,False,False,2
852,KVETELRG,False,False,False,False,False,True,False,True,False,False,2
853,VETELRGV,False,False,False,False,False,True,False,True,False,False,2
854,ETELRGVC,False,False,False,False,False,True,False,True,False,False,2
855,TELRGVCD,False,False,False,False,False,True,False,True,False,False,2
856,ELRGVCDT,False,False,False,False,False,True,False,True,False,False,2
857,LRGVCDTV,False,False,False,False,False,True,False,True,False,False,2
858,RGVCDTVL,False,False,False,False,False,True,False,True,False,False,2
859,GVCDTVLG,False,False,False,True,False,True,False,True,False,False,3
860,VCDTVLGL,False,False,False,True,False,True,False,True,False,False,3
861,CDTVLGLL,False,False,False,True,False,True,False,True,False,False,3
862,DTVLGLLD,False,False,False,True,False,True,False,True,False,False,3
863,TVLGLLDT,False,False,False,False,False,True,False,False,False,False,1
864,VLGLLDTH,False,False,False,False,False,True,False,False,False,False,1
865,LGLLDTHL,False,False,False,False,False,True,False,True,False,False,2
866,GLLDTHLI,False,False,False,False,False,True,False,False,False,False,1
867,LLDTHLIK,False,False,False,False,False,True,False,False,False,False,1
868,LDTHLIKE,False,False,False,False,False,True,False,False,False,False,1
869,DTHLIKEA,False,False,False,False,False,True,False,False,False,False,1
870,THLIKEAG,False,False,False,False,False,True,False,False,False,False,1
871,HLIKEAGD,False,False,False,True,False,True,False,False,False,False,2
872,LIKEAGDA,False,False,False,True,False,True,False,False,False,False,2
873,IKEAGDAE,False,False,False,True,False,True,False,False,False,False,2
874,KEAGDAES,False,False,False,True,False,True,False,False,False,False,2
875,EAGDAESR,False,False,False,True,False,True,False,False,False,False,2
876,AGDAESRV,False,False,False,True,False,True,False,True,False,False,3
877,GDAESRVF,False,False,False,True,False,True,False,True,False,False,3
878,DAESRVFY,False,False,False,True,False,True,False,True,False,False,3
879,AESRVFYL,False,False,False,True,False,True,False,True,False,False,3
880,ESRVFYLK,False,False,False,True,False,True,False,True,False,False,3
881,SRVFYLKM,False,False,False,True,False,True,False,True,False,False,3
882,RVFYLKMK,False,False,False,True,False,True,False,True,False,False,3
883,LAEVATGD,False,False,False,True,True,True,False,True,False,False,4
884,AEVATGDD,False,False,False,True,False,True,False,True,False,False,3
885,EVATGDDK,False,False,False,True,False,True,False,True,False,False,3
886,VATGDDKK,False,False,False,True,False,True,False,True,False,False,3
887,ATGDDKKR,False,False,False,True,False,True,False,True,False,False,3
888,TGDDKKRI,False,False,False,True,False,True,False,True,False,False,3
889,GDDKKRII,False,False,False,True,False,True,False,True,False,False,3
890,DDKKRIID,False,False,False,True,False,True,False,True,False,False,3
891,DKKRIIDS,False,False,False,True,False,True,False,True,False,False,3
892,KKRIIDSA,False,False,False,True,False,True,False,True,False,False,3
893,KRIIDSAR,False,False,False,True,False,True,False,True,False,False,3
894,RIIDSARS,False,False,False,True,False,True,False,True,False,False,3
895,IIDSARSA,False,False,False,True,False,True,False,True,False,False,3
896,IDSARSAY,False,False,False,True,False,True,False,True,False,False,3
897,DSARSAYQ,False,False,False,True,False,True,False,True,False,False,3
898,SARSAYQE,False,False,False,True,False,True,False,True,False,False,3
899,ARSAYQEA,False,False,False,True,False,True,False,True,False,False,3
900,RSAYQEAM,False,False,False,True,False,True,False,True,False,False,3
901,SAYQEAMD,False,False,False,True,False,True,False,True,False,False,3
902,AYQEAMDI,False,False,False,True,False,True,False,True,False,False,3
903,YQEAMDIS,False,False,False,True,False,True,False,True,False,False,3
904,QEAMDISK,False,False,False,True,False,True,False,True,False,False,3
905,EAMDISKK,False,False,False,True,False,True,False,True,False,False,3
906,AMDISKKE,False,False,False,True,False,True,False,True,False,False,3
907,MDISKKEM,False,False,False,True,False,True,False,True,False,False,3
908,DISKKEMP,False,False,False,True,False,True,False,True,False,False,3
909,ISKKEMPP,False,False,False,True,False,True,False,True,False,False,3
910,SKKEMPPT,False,False,False,True,False,True,False,True,False,False,3
911,KKEMPPTN,False,False,False,True,False,True,False,True,False,False,3
912,KEMPPTNP,False,False,False,True,False,True,False,True,False,False,3
913,EMPPTNPI,False,False,False,True,False,True,False,True,False,False,3
914,MPPTNPIR,False,False,False,True,False,True,False,True,False,False,3
915,PPTNPIRL,False,False,False,True,False,True,False,True,False,False,3
916,PTNPIRLG,False,False,False,True,False,True,False,True,False,False,3
917,TNPIRLGL,False,False,False,True,True,True,False,True,False,False,4
918,NPIRLGLA,False,False,False,True,False,True,False,True,False,False,3
919,ALNFSVFH,False,False,False,True,False,True,False,True,False,False,3
920,LNFSVFHY,False,False,False,True,False,True,False,True,False,False,3
921,NFSVFHYE,False,False,False,True,False,True,False,True,False,False,3
922,FSVFHYEI,False,False,False,True,False,True,False,True,False,False,3
923,SVFHYEIA,False,False,False,True,False,True,False,True,False,False,3
924,VFHYEIAN,False,False,False,True,False,True,False,True,False,False,3
925,FHYEIANS,False,False,False,True,False,True,False,True,False,False,3
926,HYEIANSP,False,False,False,True,False,True,False,True,False,False,3
927,YEIANSPE,False,False,False,True,False,True,False,True,False,False,3
928,EIANSPEE,False,False,False,True,False,True,False,True,False,False,3
929,IANSPEEA,False,False,False,True,False,True,False,True,False,False,3
930,ANSPEEAI,False,False,False,True,False,True,False,True,False,False,3
931,NSPEEAIS,False,False,False,True,False,True,False,True,False,False,3
932,SPEEAISL,False,True,False,True,False,True,False,True,False,False,4
933,PEEAISLA,False,True,False,True,False,True,False,True,False,False,4
934,EEAISLAK,False,True,False,True,False,True,False,True,False,False,4
935,EAISLAKT,False,False,False,True,False,True,False,True,False,False,3
936,AISLAKTT,False,False,False,True,False,True,False,True,False,False,3
937,ISLAKTTF,False,False,False,True,False,True,False,True,False,False,3
938,SLAKTTFD,False,False,False,True,False,True,False,True,False,False,3
939,LAKTTFDE,False,False,False,True,False,True,False,True,False,False,3
940,AKTTFDEA,False,False,False,True,False,True,False,True,False,False,3
941,KTTFDEAM,False,False,False,True,False,True,False,True,False,False,3
942,TTFDEAMA,False,False,False,True,False,True,False,True,False,False,3
943,TFDEAMAD,False,False,False,True,False,True,False,True,False,False,3
944,FDEAMADL,False,False,False,True,False,True,False,True,False,False,3
945,DEAMADLH,False,False,False,True,False,True,False,True,False,False,3
946,EAMADLHT,False,False,False,True,False,True,False,True,False,False,3
947,AMADLHTL,False,False,False,True,False,True,False,True,False,False,3
948,MADLHTLS,False,False,False,True,False,True,False,True,False,False,3
949,ADLHTLSE,False,False,False,True,False,True,False,True,False,False,3
950,DLHTLSED,False,False,False,True,False,True,False,True,False,False,3
951,LHTLSEDS,False,False,False,True,False,True,False,True,False,False,3
952,HTLSEDSY,False,False,False,True,False,True,False,True,False,False,3
953,TLSEDSYK,False,False,True,True,True,True,False,True,False,False,5
954,LSEDSYKD,False,False,True,True,True,True,False,True,False,False,5
955,SEDSYKDS,False,False,True,True,True,True,False,True,False,False,5
956,DNLTLWTA,False,False,False,True,False,True,False,True,False,False,3
957,NLTLWTAD,False,False,False,True,False,True,False,True,False,False,3
958,LTLWTADN,False,False,False,True,False,True,False,False,False,False,2
959,TLWTADNA,False,False,False,True,False,True,False,False,False,False,2
960,LWTADNAG,False,False,False,True,False,True,False,False,False,False,2
961,WTADNAGE,False,False,False,True,False,True,False,False,False,False,2
962,TADNAGEE,False,False,False,True,False,True,False,False,False,False,2
963,ADNAGEEG,False,True,False,True,False,True,False,False,False,False,3
964,DNAGEEGG,False,False,False,True,False,True,False,False,False,False,2
965,NAGEEGGE,False,False,False,True,False,True,False,False,False,False,2
966,AGEEGGEA,False,False,False,True,False,True,False,True,False,False,3
967,GEEGGEAP,False,False,False,True,False,True,False,True,False,False,3
968,EEGGEAPE,False,False,False,False,False,True,False,True,False,False,2
969,EGGEAPEE,False,False,False,False,False,True,False,True,False,False,2
970,GGEAPEEP,False,False,False,False,False,True,False,True,False,False,2
971,GEAPEEPQ,False,False,False,False,False,True,False,True,False,False,2
972,EAPEEPQS,False,False,False,False,False,True,False,True,False,False,2
973,MEKTELIQ,False,False,False,True,False,True,False,True,True,False,4
974,EKTELIQK,False,False,False,True,False,True,False,True,True,False,4
975,KTELIQKA,False,False,False,True,False,True,False,True,True,False,4
976,TELIQKAK,False,False,False,True,False,True,False,True,True,False,4
977,ELIQKAKL,False,False,False,True,False,True,False,True,True,False,4
978,ERYDDMAT,False,False,False,True,False,True,False,True,True,False,4
979,RYDDMATC,False,False,False,True,False,True,False,True,True,False,4
980,YDDMATCM,False,False,False,True,False,True,False,True,True,False,4
981,DDMATCMK,False,False,False,True,False,True,False,True,True,False,4
982,DMATCMKA,False,False,False,True,False,True,False,True,True,False,4
983,MATCMKAV,False,False,False,True,False,True,False,True,True,False,4
984,ATCMKAVT,False,False,False,True,False,True,False,True,True,False,4
985,TCMKAVTE,False,False,False,True,False,True,False,True,True,False,4
986,CMKAVTEQ,False,False,False,True,False,True,False,True,True,False,4
987,KAVTEQGA,False,False,False,True,False,True,False,True,True,False,4
988,AVTEQGAE,False,True,False,True,False,True,False,True,True,False,5
989,VTEQGAEL,False,False,False,True,False,True,False,True,True,False,4
990,TEQGAELS,False,False,False,True,False,True,False,True,True,False,4
991,EQGAELSN,False,False,False,True,False,True,False,True,True,False,4
992,QGAELSNE,False,False,False,True,False,True,False,True,True,False,4
993,GAELSNEE,False,False,False,True,True,True,False,True,True,False,5
994,AELSNEER,False,False,False,True,True,True,False,True,True,False,5
995,YKNVVGGR,False,False,False,True,False,True,False,True,True,False,4
996,KNVVGGRR,False,False,False,True,False,True,False,True,True,False,4
997,NVVGGRRS,False,False,False,True,False,True,False,True,True,False,4
998,VVGGRRSA,False,False,False,True,False,True,False,True,True,False,4
999,VGGRRSAW,False,False,False,True,False,True,False,True,True,False,4
1000,GGRRSAWR,False,False,False,True,False,True,False,True,True,False,4
1001,GRRSAWRV,False,False,False,True,False,True,False,True,True,False,4
1002,RRSAWRVI,False,False,False,True,True,True,False,True,True,False,5
1003,RSAWRVIS,False,False,False,True,False,True,False,True,True,False,4
1004,SAWRVISS,False,False,False,True,False,True,False,True,True,False,4
1005,AWRVISSI,False,False,False,True,False,True,False,True,True,False,4
1006,SSIEQKTD,False,False,False,True,False,True,False,True,True,False,4
1007,SIEQKTDT,False,False,False,True,False,True,False,True,True,False,4
1008,IEQKTDTS,False,False,False,True,False,True,False,True,True,False,4
1009,EQKTDTSD,False,False,False,True,False,True,False,True,True,False,4
1010,QKTDTSDK,False,False,False,True,False,True,False,True,True,False,4
1011,KTDTSDKK,False,False,False,True,False,True,False,True,True,False,4
1012,TDTSDKKL,False,False,False,True,False,True,False,True,True,False,4
1013,DTSDKKLQ,False,False,False,True,False,True,False,True,True,False,4
1014,TSDKKLQL,False,False,False,True,False,True,False,True,True,False,4
1015,SDKKLQLI,False,False,False,True,False,True,False,True,True,False,4
1016,DKKLQLIK,False,False,False,True,False,True,False,True,True,False,4
1017,KKLQLIKD,False,False,False,True,False,True,False,True,True,False,4
1018,KLQLIKDY,False,False,False,True,False,True,False,True,True,False,4
1019,LQLIKDYR,False,False,False,True,False,True,False,True,True,False,4
1020,QLIKDYRE,False,False,False,True,False,True,False,True,True,False,4
1021,LIKDYREK,False,False,False,True,False,True,False,True,True,False,4
1022,IKDYREKV,False,False,False,True,False,True,False,True,True,False,4
1023,KDYREKVE,False,False,False,True,False,True,False,True,True,False,4
1024,DYREKVES,False,False,False,True,False,True,False,True,True,False,4
1025,YREKVESE,False,False,False,True,False,True,False,True,True,False,4
1026,REKVESEL,False,False,False,True,False,True,False,True,True,False,4
1027,EKVESELR,False,False,False,True,False,True,False,True,True,False,4
1028,KVESELRS,False,False,False,True,False,True,False,True,True,False,4
1029,VESELRSI,False,False,False,True,False,True,False,True,True,False,4
1030,ESELRSIC,False,False,False,True,False,True,False,True,True,False,4
1031,SELRSICT,False,False,False,True,False,True,False,True,True,False,4
1032,ELRSICTT,False,False,False,True,False,True,False,True,True,False,4
1033,LRSICTTV,False,False,False,True,False,True,False,True,True,False,4
1034,RSICTTVL,False,False,False,True,False,True,False,True,True,False,4
1035,SICTTVLE,False,False,False,True,False,True,False,True,True,False,4
1036,ICTTVLEL,False,False,False,True,False,True,False,True,True,False,4
1037,CTTVLELL,False,False,False,True,False,True,False,True,True,False,4
1038,TTVLELLD,False,False,False,True,False,True,False,True,True,False,4
1039,TVLELLDK,False,True,False,True,False,True,False,True,True,False,5
1040,LLDKYLIA,False,False,False,True,False,True,False,True,True,False,4
1041,LDKYLIAN,False,False,False,True,False,True,False,True,True,False,4
1042,DKYLIANA,False,False,False,True,False,True,False,True,True,False,4
1043,KYLIANAT,False,False,False,True,False,True,False,True,True,False,4
1044,YLIANATN,False,False,False,True,False,True,False,True,True,False,4
1045,LIANATNP,False,False,False,True,False,True,False,True,True,False,4
1046,IANATNPE,False,False,False,True,False,True,False,True,True,False,4
1047,ANATNPES,False,False,False,True,False,True,False,True,True,False,4
1048,NATNPESK,False,False,False,True,False,True,False,True,True,False,4
1049,ATNPESKV,False,False,False,True,False,True,False,True,True,False,4
1050,TNPESKVF,False,False,False,True,False,True,False,True,True,False,4
1051,NPESKVFY,False,False,False,True,True,True,False,True,True,False,5
1052,GDYFRYLA,False,False,False,True,True,True,True,True,True,False,6
1053,DYFRYLAE,False,False,False,True,True,True,True,True,True,False,6
1054,YFRYLAEV,False,False,False,True,False,True,False,True,True,False,4
1055,FRYLAEVA,False,False,False,True,False,True,False,True,True,False,4
1056,RYLAEVAC,False,False,False,True,False,True,False,True,True,False,4
1057,YLAEVACG,False,False,False,True,False,True,False,True,True,False,4
1058,LAEVACGD,False,False,False,True,False,True,False,True,True,False,4
1059,AEVACGDD,False,False,False,True,False,True,False,True,True,False,4
1060,EVACGDDR,False,False,False,True,False,True,False,True,True,False,4
1061,VACGDDRK,False,False,False,True,False,True,False,True,True,False,4
1062,ACGDDRKQ,False,False,False,True,False,True,False,True,True,False,4
1063,CGDDRKQT,False,False,False,True,False,True,False,True,True,False,4
1064,GDDRKQTI,False,False,False,True,False,True,False,True,True,False,4
1065,DDRKQTID,False,False,False,True,False,True,False,False,False,False,2
1066,DRKQTIDN,False,False,False,True,False,True,False,False,False,False,2
1067,RKQTIDNS,False,False,False,True,False,True,False,False,False,False,2
1068,KQTIDNSQ,False,False,False,True,False,True,False,False,False,False,2
1069,QTIDNSQG,False,False,False,True,False,True,False,False,False,False,2
1070,TIDNSQGA,False,False,False,True,False,True,False,False,False,False,2
1071,IDNSQGAY,False,False,False,True,False,True,False,False,False,False,2
1072,DNSQGAYQ,False,False,False,True,False,True,False,False,False,False,2
1073,NSQGAYQE,False,False,False,True,False,True,False,True,True,False,4
1074,SQGAYQEA,False,False,False,True,False,True,False,True,True,False,4
1075,QGAYQEAF,False,False,False,True,False,True,False,True,True,False,4
1076,GAYQEAFD,False,False,False,True,False,True,False,True,True,False,4
1077,AYQEAFDI,False,False,False,True,False,True,False,True,True,False,4
1078,YQEAFDIS,False,False,False,True,False,True,False,True,True,False,4
1079,QEAFDISK,False,False,False,True,False,True,False,True,True,False,4
1080,EAFDISKK,False,False,False,True,False,True,False,True,True,False,4
1081,AFDISKKE,False,False,False,True,False,True,False,True,True,False,4
1082,FDISKKEM,False,False,False,True,False,True,False,True,True,False,4
1083,DISKKEMQ,False,False,False,True,False,True,False,True,True,False,4
1084,FYYEILNN,False,False,False,True,False,True,False,True,True,False,4
1085,YYEILNNP,False,False,False,True,False,True,False,True,True,False,4
1086,YEILNNPE,False,False,False,True,False,True,False,True,True,False,4
1087,EILNNPEL,False,False,False,True,False,True,False,True,True,False,4
1088,ILNNPELA,False,False,False,True,False,True,False,True,True,False,4
1089,LNNPELAC,False,False,False,True,False,True,False,True,True,False,4
1090,NNPELACT,False,False,False,True,False,True,False,True,True,False,4
1091,NPELACTL,False,False,False,True,False,True,False,True,True,False,4
1092,PELACTLA,False,False,False,True,False,True,False,True,True,False,4
1093,ELACTLAK,False,False,False,True,False,True,False,True,True,False,4
1094,LACTLAKT,False,False,False,True,False,True,False,True,True,False,4
1095,ACTLAKTA,False,False,False,True,False,True,False,True,True,False,4
1096,CTLAKTAF,False,False,False,True,False,True,False,True,True,False,4
1097,TLAKTAFD,False,False,False,True,False,True,False,True,True,False,4
1098,LTLWTSDS,False,False,False,True,False,True,False,True,True,False,4
1099,TLWTSDSA,False,False,False,True,False,True,False,True,True,False,4
1100,LWTSDSAG,False,False,False,True,False,True,False,True,True,False,4
1101,WTSDSAGE,False,False,False,True,False,True,False,True,True,False,4
1102,TSDSAGEE,False,False,False,True,False,True,False,True,True,False,4
1103,SDSAGEEC,False,False,False,True,False,True,False,True,True,False,4
1104,DSAGEECD,False,False,False,True,False,True,False,True,True,False,4
1105,SAGEECDA,False,False,False,True,False,True,False,True,True,False,4
1106,AGEECDAA,False,False,False,True,False,True,False,True,True,False,4
1107,GEECDAAE,False,False,False,True,False,True,False,True,True,False,4
1108,EECDAAEG,False,False,False,True,False,True,False,True,True,False,4
1109,ECDAAEGA,False,False,False,True,False,True,False,True,True,False,4
1110,CDAAEGAE,False,False,False,True,False,True,False,True,True,False,4
1111,DAAEGAEN,False,False,False,True,False,True,False,True,True,False,4
1112,DDRKQTIE,False,False,False,False,False,True,False,True,True,False,3
1113,DRKQTIEN,False,False,False,False,False,True,False,True,True,False,3
1114,RKQTIENS,False,False,False,False,False,True,False,True,True,False,3
1115,KQTIENSQ,False,False,False,False,False,True,False,True,True,False,3
1116,QTIENSQG,False,False,False,False,False,True,False,True,True,False,3
1117,TIENSQGA,False,False,False,False,False,True,False,True,True,False,3
1118,IENSQGAY,False,False,False,False,False,True,False,True,True,False,3
1119,ENSQGAYQ,False,False,False,False,False,True,False,True,True,False,3
1120,MDKNELVQ,False,False,False,True,False,True,False,True,True,False,4
1121,DKNELVQK,False,False,False,True,False,True,False,True,True,False,4
1122,KNELVQKA,False,False,False,True,False,True,False,True,True,False,4
1123,NELVQKAK,False,False,False,True,False,True,False,True,True,False,4
1124,RYDDMAAC,False,False,False,True,False,True,False,True,True,False,4
1125,YDDMAACM,False,False,False,True,False,True,False,True,True,False,4
1126,DDMAACMK,False,False,False,True,False,True,False,True,True,False,4
1127,DMAACMKS,False,False,False,True,False,True,False,True,False,False,3
1128,MAACMKSV,False,False,False,True,False,True,False,True,False,False,3
1129,AACMKSVT,False,False,False,True,False,True,False,True,False,False,3
1130,ACMKSVTE,False,False,False,True,False,True,False,True,False,False,3
1131,CMKSVTEQ,False,False,False,True,False,True,False,True,True,False,4
1132,MKSVTEQG,False,False,False,True,False,True,False,True,True,False,4
1133,KSVTEQGA,False,False,False,True,False,True,False,True,True,False,4
1134,SVTEQGAE,False,True,False,True,False,True,False,True,True,False,5
1135,RRSSWRVV,False,False,False,True,False,True,False,True,True,False,4
1136,RSSWRVVS,False,False,False,True,False,True,False,True,True,False,4
1137,SSWRVVSS,False,False,False,True,False,True,False,True,True,False,4
1138,SWRVVSSI,False,False,False,True,False,True,False,True,True,False,4
1139,WRVVSSIE,False,False,False,True,False,True,False,True,True,False,4
1140,RVVSSIEQ,False,False,False,True,False,True,False,True,True,False,4
1141,VVSSIEQK,False,False,False,True,False,True,False,True,True,False,4
1142,VSSIEQKT,False,False,False,True,False,True,False,True,True,False,4
1143,SIEQKTEG,False,False,False,True,True,True,False,True,True,False,5
1144,IEQKTEGA,False,False,False,True,False,True,False,True,True,False,4
1145,EQKTEGAE,False,False,False,True,False,True,False,True,True,False,4
1146,QKTEGAEK,False,False,False,True,False,True,False,True,True,False,4
1147,KTEGAEKK,False,False,False,True,False,True,False,True,True,False,4
1148,TEGAEKKQ,False,False,False,True,False,True,False,True,True,False,4
1149,EGAEKKQQ,False,False,False,True,False,True,False,True,True,False,4
1150,GAEKKQQM,False,False,False,True,False,True,False,True,True,False,4
1151,AEKKQQMA,False,False,False,True,False,True,False,True,True,False,4
1152,EKKQQMAR,False,False,False,True,False,True,False,True,True,False,4
1153,KKQQMARE,False,False,False,True,False,True,False,True,True,False,4
1154,KQQMAREY,False,False,False,True,False,True,False,True,True,False,4
1155,QQMAREYR,False,False,False,True,False,True,False,True,True,False,4
1156,QMAREYRE,False,False,False,True,False,True,False,True,True,False,4
1157,MAREYREK,False,False,False,True,False,True,False,True,True,False,4
1158,AREYREKI,False,False,False,True,False,True,False,True,True,False,4
1159,REYREKIE,False,False,False,True,False,True,False,True,True,False,4
1160,EYREKIET,False,False,False,True,False,True,False,True,True,False,4
1161,YREKIETE,False,False,False,True,False,True,False,True,True,False,4
1162,REKIETEL,False,False,False,True,False,True,False,True,True,False,4
1163,EKIETELR,False,False,False,True,False,True,False,True,True,False,4
1164,KIETELRD,False,False,False,True,False,True,False,True,True,False,4
1165,IETELRDI,False,False,False,True,False,True,False,True,True,False,4
1166,ETELRDIC,False,False,False,True,False,True,False,True,True,False,4
1167,TELRDICN,False,False,False,True,False,True,False,True,True,False,4
1168,ELRDICND,False,False,False,True,False,True,False,True,True,False,4
1169,LRDICNDV,False,False,False,True,False,True,False,True,True,False,4
1170,RDICNDVL,False,False,False,True,False,True,False,True,True,False,4
1171,DICNDVLS,False,False,False,True,False,True,False,True,True,False,4
1172,ICNDVLSL,False,False,False,True,False,True,False,True,True,False,4
1173,CNDVLSLL,False,False,False,True,False,True,False,True,True,False,4
1174,NDVLSLLE,False,False,False,True,False,True,False,True,True,False,4
1175,DVLSLLEK,False,True,False,True,False,True,False,True,True,False,5
1176,VLSLLEKF,False,True,False,True,False,True,False,True,True,False,5
1177,LSLLEKFL,False,False,False,True,False,True,False,True,True,False,4
1178,SLLEKFLI,False,False,False,True,False,True,False,True,True,False,4
1179,LLEKFLIP,False,False,False,True,False,True,False,True,True,False,4
1180,LEKFLIPN,False,False,False,True,False,True,False,True,True,False,4
1181,EKFLIPNA,False,False,False,True,False,True,False,True,True,False,4
1182,KFLIPNAS,False,False,False,True,False,True,False,True,True,False,4
1183,FLIPNASQ,False,False,False,True,False,True,False,True,True,False,4
1184,LIPNASQA,False,False,False,True,False,True,False,False,True,False,3
1185,IPNASQAE,False,False,False,True,False,True,False,False,True,False,3
1186,PNASQAES,False,False,False,True,False,True,False,False,True,False,3
1187,NASQAESK,False,False,False,True,False,True,False,False,True,False,3
1188,ASQAESKV,False,False,False,True,False,True,False,False,True,False,3
1189,SQAESKVF,False,False,False,True,False,True,False,False,True,False,3
1190,QAESKVFY,False,False,False,True,False,True,False,True,True,False,4
1191,AESKVFYL,False,False,False,True,True,True,True,True,True,False,6
1192,RYLAEVAA,False,False,False,True,False,True,False,True,True,False,4
1193,YLAEVAAG,False,False,False,True,False,True,False,True,True,False,4
1194,LAEVAAGD,False,True,False,True,False,True,False,True,True,False,5
1195,AEVAAGDD,False,False,False,True,False,True,False,True,True,False,4
1196,EVAAGDDK,False,False,False,True,False,True,False,True,True,False,4
1197,VAAGDDKK,False,False,False,True,False,True,False,True,True,False,4
1198,AAGDDKKG,False,False,False,True,False,True,False,True,True,False,4
1199,AGDDKKGI,False,False,False,True,False,True,False,True,True,False,4
1200,GDDKKGIV,False,False,False,True,False,True,False,True,True,False,4
1201,DDKKGIVD,False,False,False,True,False,True,False,True,False,False,3
1202,DKKGIVDQ,False,False,False,True,False,True,False,True,False,False,3
1203,KKGIVDQS,False,False,False,True,False,True,False,True,False,False,3
1204,KGIVDQSQ,False,False,False,True,False,True,False,True,False,False,3
1205,GIVDQSQQ,False,False,False,True,False,True,False,True,False,False,3
1206,IVDQSQQA,False,False,False,True,False,True,False,True,False,False,3
1207,VDQSQQAY,False,False,False,True,False,True,False,True,False,False,3
1208,DQSQQAYQ,False,False,False,True,False,True,False,True,False,False,3
1209,QSQQAYQE,False,False,False,True,False,True,False,True,True,False,4
1210,LTLWTSDT,False,False,False,True,True,True,True,True,True,False,6
1211,TLWTSDTQ,False,False,False,True,True,True,False,True,True,False,5
1212,LWTSDTQG,False,False,False,True,True,True,False,True,True,False,5
1213,WTSDTQGD,False,False,False,True,True,True,False,True,True,False,5
1214,TSDTQGDE,False,False,False,True,True,True,False,True,True,False,5
1215,SDTQGDEA,False,False,False,True,True,True,False,True,True,False,5
1216,DTQGDEAE,False,False,False,True,True,True,False,True,True,False,5
1217,TQGDEAEA,False,False,False,True,False,True,False,True,True,False,4
1218,QGDEAEAG,False,False,False,True,False,True,False,True,True,False,4
1219,GDEAEAGE,False,False,False,True,False,True,False,True,True,False,4
1220,DEAEAGEG,False,False,False,True,False,True,False,True,True,False,4
1221,EAEAGEGG,False,False,False,True,False,True,False,True,True,False,4
1222,AEAGEGGE,False,False,False,True,False,True,False,True,True,False,4
1223,EAGEGGEN,False,False,False,True,False,True,False,True,True,False,4
1224,EKFLIPNR,False,False,False,False,False,True,False,False,False,False,1
1225,KFLIPNRS,False,False,False,False,False,True,False,False,False,False,1
1226,FLIPNRSQ,False,False,False,False,False,True,False,False,False,False,1
1227,LIPNRSQP,False,False,False,False,False,True,False,False,False,False,1
1228,IPNRSQPE,False,False,False,False,False,True,False,False,False,False,1
1229,PNRSQPES,False,False,False,False,False,True,False,False,False,False,1
1230,NRSQPESK,False,False,False,False,False,True,False,False,False,False,1
1231,RSQPESKV,False,False,False,False,False,True,False,False,False,False,1
1232,SQPESKVF,False,False,False,False,False,True,False,True,True,False,3
1233,MAVMAPRT,False,False,False,True,False,True,False,False,False,False,2
1234,AVMAPRTL,False,False,False,True,False,True,False,False,False,True,3
1235,VMAPRTLV,False,False,False,False,False,True,False,False,False,False,1
1236,MAPRTLVL,False,False,False,False,False,True,False,False,False,False,1
1237,APRTLVLL,False,False,False,False,False,True,False,False,False,False,1
1238,PRTLVLLL,False,False,False,False,False,True,False,False,False,False,1
1239,RTLVLLLS,False,False,False,False,False,True,False,False,False,False,1
1240,TLVLLLSG,False,False,False,False,False,True,False,False,False,False,1
1241,LVLLLSGA,False,False,False,False,False,True,False,False,False,False,1
1242,VLLLSGAL,False,False,False,True,False,True,False,False,False,False,2
1243,LLLSGALA,False,False,False,True,False,True,False,False,False,False,2
1244,LLSGALAL,False,False,False,True,False,True,False,False,False,False,2
1245,LSGALALT,False,True,False,True,False,True,False,False,False,False,3
1246,SGALALTQ,False,False,False,True,False,True,False,False,False,False,2
1247,GALALTQT,False,False,False,True,False,True,False,False,False,False,2
1248,ALALTQTW,False,False,False,True,False,True,False,False,False,False,2
1249,LALTQTWA,False,False,False,True,False,True,False,False,False,False,2
1250,ALTQTWAG,False,False,False,True,False,True,False,False,False,False,2
1251,LTQTWAGS,False,False,False,True,False,True,False,False,False,False,2
1252,TQTWAGSH,False,False,False,True,False,True,False,True,False,False,3
1253,QTWAGSHS,False,False,False,True,False,True,False,True,False,False,3
1254,TWAGSHSM,False,False,False,True,False,True,False,False,False,False,2
1255,WAGSHSMR,False,False,False,True,False,True,False,False,False,False,2
1256,AGSHSMRY,False,False,False,True,False,True,False,True,False,False,3
1257,GSHSMRYF,False,False,False,True,False,True,False,True,False,False,3
1258,SHSMRYFS,False,False,False,True,False,True,False,False,False,False,2
1259,HSMRYFST,False,False,False,False,False,True,False,False,False,False,1
1260,SMRYFSTS,False,False,False,False,False,True,False,False,False,False,1
1261,MRYFSTSV,False,False,False,False,False,True,False,False,False,False,1
1262,RYFSTSVS,False,False,False,False,False,True,False,False,False,False,1
1263,YFSTSVSR,False,False,False,False,False,True,False,False,False,False,1
1264,FSTSVSRP,False,False,False,False,False,True,False,False,False,False,1
1265,STSVSRPG,False,False,False,False,False,True,False,False,False,False,1
1266,TSVSRPGR,False,False,False,True,False,True,False,False,False,False,2
1267,SVSRPGRG,False,False,False,True,False,True,False,False,False,False,2
1268,VSRPGRGE,False,False,False,True,False,True,False,False,False,False,2
1269,SRPGRGEP,False,False,False,True,False,True,False,False,False,False,2
1270,RPGRGEPR,False,False,False,True,False,True,False,False,False,False,2
1271,PGRGEPRF,False,False,False,True,False,True,False,False,False,False,2
1272,GRGEPRFI,False,False,False,True,False,True,False,False,False,False,2
1273,RGEPRFIA,False,False,False,True,False,True,False,False,False,False,2
1274,GEPRFIAV,False,False,False,True,False,True,False,True,False,False,3
1275,EPRFIAVG,False,False,False,True,False,True,False,True,False,False,3
1276,PRFIAVGY,False,False,False,True,False,True,False,True,False,False,3
1277,RFIAVGYV,False,False,False,True,False,True,False,True,False,False,3
1278,FIAVGYVD,False,False,False,True,False,True,False,True,False,False,3
1279,IAVGYVDD,False,False,False,True,False,True,False,True,False,False,3
1280,AVGYVDDT,False,False,False,True,False,True,False,True,False,False,3
1281,VGYVDDTQ,False,False,False,True,False,True,False,True,False,False,3
1282,GYVDDTQF,False,False,False,True,False,True,False,True,False,False,3
1283,YVDDTQFV,False,False,False,True,False,True,False,True,False,False,3
1284,VDDTQFVR,False,False,False,True,False,True,False,True,False,False,3
1285,DDTQFVRF,False,False,False,True,False,True,False,True,False,False,3
1286,DTQFVRFD,False,False,False,True,False,True,False,True,False,False,3
1287,TQFVRFDS,False,False,False,True,False,True,False,True,False,False,3
1288,QFVRFDSD,False,False,False,True,False,True,False,True,False,False,3
1289,FVRFDSDA,False,False,False,True,False,True,False,True,False,False,3
1290,VRFDSDAA,False,False,False,True,False,True,False,False,False,False,2
1291,RFDSDAAS,False,False,False,True,False,True,False,False,False,False,2
1292,FDSDAASQ,False,False,False,True,False,True,False,False,False,False,2
1293,DSDAASQR,False,False,False,True,False,True,False,False,False,False,2
1294,SDAASQRM,False,False,False,True,False,True,False,False,False,False,2
1295,DAASQRME,False,False,False,True,False,True,False,False,False,False,2
1296,AASQRMEP,False,False,False,True,False,True,False,False,False,False,2
1297,ASQRMEPR,False,False,False,True,False,True,False,False,False,False,2
1298,SQRMEPRA,False,False,False,True,False,True,False,False,False,False,2
1299,QRMEPRAP,False,False,False,True,False,True,False,False,False,False,2
1300,RMEPRAPW,False,False,False,True,False,True,False,True,False,False,3
1301,MEPRAPWI,False,False,False,True,False,True,False,False,False,False,2
1302,EPRAPWIE,False,False,False,True,False,True,False,False,False,False,2
1303,PRAPWIEQ,False,False,False,True,False,True,False,False,False,False,2
1304,RAPWIEQE,False,False,False,True,False,True,False,False,False,False,2
1305,APWIEQEG,False,False,False,True,False,True,False,False,False,False,2
1306,PWIEQEGP,False,False,False,True,False,True,False,False,False,False,2
1307,WIEQEGPE,False,False,False,True,False,True,False,True,False,False,3
1308,IEQEGPEY,False,False,False,True,False,True,False,True,False,False,3
1309,EQEGPEYW,False,False,False,True,False,True,False,True,False,False,3
1310,QEGPEYWD,False,False,False,True,False,True,False,False,False,False,2
1311,EGPEYWDR,False,False,False,True,False,True,False,False,False,False,2
1312,GPEYWDRN,False,False,False,True,False,True,False,False,False,False,2
1313,PEYWDRNT,False,False,False,True,False,True,False,False,False,False,2
1314,EYWDRNTR,False,False,False,False,False,True,False,False,False,False,1
1315,YWDRNTRN,False,False,False,False,False,True,False,False,False,False,1
1316,WDRNTRNV,False,False,False,False,False,True,False,False,False,False,1
1317,DRNTRNVK,False,False,False,False,False,True,False,False,False,False,1
1318,RNTRNVKA,False,False,False,False,False,True,False,False,False,False,1
1319,NTRNVKAH,False,False,False,False,False,True,False,False,False,False,1
1320,TRNVKAHS,False,False,False,False,False,True,False,False,False,False,1
1321,RNVKAHSQ,False,False,False,False,False,True,False,False,False,False,1
1322,NVKAHSQT,False,False,False,False,False,True,False,False,False,False,1
1323,VKAHSQTD,False,False,False,False,False,True,False,False,False,False,1
1324,KAHSQTDR,False,False,False,False,False,True,False,False,False,False,1
1325,AHSQTDRV,False,False,False,False,False,True,False,False,False,False,1
1326,HSQTDRVD,False,False,False,False,False,True,False,False,False,False,1
1327,SQTDRVDL,False,False,False,True,False,True,False,False,False,False,2
1328,QTDRVDLG,False,False,False,True,False,True,False,False,False,False,2
1329,TDRVDLGT,False,False,False,True,False,True,False,False,False,False,2
1330,DRVDLGTL,False,False,False,True,False,True,False,False,False,False,2
1331,RVDLGTLR,False,False,False,True,False,True,False,False,False,False,2
1332,VDLGTLRG,False,False,False,True,False,True,False,False,False,False,2
1333,DLGTLRGY,False,False,False,True,False,True,False,False,False,False,2
1334,LGTLRGYY,False,False,False,True,False,True,False,False,False,False,2
1335,GTLRGYYN,False,False,False,True,False,True,False,False,False,False,2
1336,TLRGYYNQ,False,False,False,True,False,True,False,True,False,False,3
1337,LRGYYNQS,False,False,False,True,False,True,False,True,False,False,3
1338,RGYYNQSE,False,False,False,True,False,True,False,True,False,False,3
1339,GYYNQSED,False,False,False,True,False,True,False,False,False,False,2
1340,YYNQSEDG,False,False,False,True,False,True,False,False,False,False,2
1341,YNQSEDGS,False,False,False,True,False,True,False,False,False,False,2
1342,NQSEDGSH,False,False,False,True,False,True,False,False,False,False,2
1343,QSEDGSHT,False,False,False,True,False,True,False,False,False,False,2
1344,SEDGSHTI,False,False,False,False,False,True,False,False,False,False,1
1345,EDGSHTIQ,False,False,False,False,False,True,False,False,False,False,1
1346,DGSHTIQR,False,False,False,False,False,True,False,False,False,False,1
1347,GSHTIQRM,False,False,False,False,False,True,False,True,False,False,2
1348,SHTIQRMY,False,False,False,False,False,True,False,True,False,False,2
1349,HTIQRMYG,False,False,False,False,False,True,False,True,False,False,2
1350,TIQRMYGC,False,False,False,False,False,True,False,True,False,False,2
1351,IQRMYGCD,False,False,False,False,False,True,False,True,False,False,2
1352,QRMYGCDV,False,False,False,False,False,True,False,True,False,False,2
1353,RMYGCDVG,False,False,False,False,False,True,False,True,False,False,2
1354,MYGCDVGS,False,False,False,True,False,True,False,True,False,False,3
1355,YGCDVGSD,False,False,False,True,False,True,False,True,False,False,3
1356,GCDVGSDG,False,False,False,True,False,True,False,True,False,False,3
1357,CDVGSDGR,False,False,False,True,False,True,False,True,False,False,3
1358,DVGSDGRF,False,False,False,True,False,True,False,False,False,False,2
1359,VGSDGRFL,False,False,False,True,False,True,False,True,False,False,3
1360,GSDGRFLR,False,False,False,True,False,True,False,True,False,False,3
1361,SDGRFLRG,False,False,False,True,False,True,False,True,False,False,3
1362,DGRFLRGY,False,False,False,True,False,True,False,True,False,False,3
1363,GRFLRGYQ,False,False,False,False,False,True,False,False,False,False,1
1364,RFLRGYQQ,False,False,False,False,False,True,False,False,False,False,1
1365,FLRGYQQD,False,False,False,False,False,True,False,False,False,False,1
1366,LRGYQQDA,False,False,False,False,False,True,False,False,False,False,1
1367,RGYQQDAY,False,False,False,False,False,True,False,False,False,False,1
1368,GYQQDAYD,False,False,False,False,False,True,False,False,False,False,1
1369,YQQDAYDG,False,False,False,False,False,True,False,False,False,False,1
1370,QQDAYDGK,False,False,False,False,False,True,False,False,False,False,1
1371,QDAYDGKD,False,False,False,True,False,True,False,False,False,False,2
1372,DAYDGKDY,False,False,False,True,False,True,False,False,False,False,2
1373,AYDGKDYI,False,False,False,True,False,True,False,False,False,False,2
1374,YDGKDYIA,False,False,False,True,False,True,False,False,False,False,2
1375,DGKDYIAL,False,False,False,True,False,True,False,False,False,False,2
1376,GKDYIALN,False,False,False,True,False,True,False,False,False,False,2
1377,KDYIALNE,False,False,False,True,False,True,False,False,False,False,2
1378,DYIALNED,False,False,False,True,False,True,False,True,False,False,3
1379,YIALNEDL,False,False,False,True,False,True,False,True,False,False,3
1380,IALNEDLR,False,False,False,True,False,True,False,False,False,False,2
1381,ALNEDLRS,False,False,False,True,False,True,False,False,False,False,2
1382,LNEDLRSW,False,False,False,True,False,True,False,True,False,False,3
1383,NEDLRSWT,False,False,False,True,False,True,False,True,False,False,3
1384,EDLRSWTA,False,False,False,True,False,True,False,True,False,False,3
1385,DLRSWTAA,False,False,False,True,False,True,False,False,False,False,2
1386,LRSWTAAD,False,False,False,True,False,True,False,False,False,False,2
1387,RSWTAADM,False,False,False,True,False,True,False,False,False,False,2
1388,SWTAADMA,False,False,False,True,False,True,False,False,False,False,2
1389,WTAADMAA,False,False,False,True,False,True,False,True,False,False,3
1390,TAADMAAE,False,False,False,False,False,True,False,False,False,False,1
1391,AADMAAEI,False,False,False,False,False,True,False,False,False,False,1
1392,ADMAAEIT,False,False,False,False,False,True,False,False,False,False,1
1393,DMAAEITK,False,False,False,False,False,True,False,False,False,False,1
1394,MAAEITKR,False,False,True,False,False,True,False,False,False,False,2
1395,AAEITKRK,False,False,False,False,False,True,False,False,False,False,1
1396,AEITKRKW,False,False,False,False,False,True,False,False,False,False,1
1397,EITKRKWE,False,False,False,False,False,True,False,False,False,False,1
1398,ITKRKWEA,False,False,False,True,False,True,False,False,False,False,2
1399,TKRKWEAA,False,False,False,True,False,True,False,False,False,False,2
1400,KRKWEAAH,False,False,False,True,False,True,False,False,False,False,2
1401,RKWEAAHF,False,False,False,False,False,True,False,False,False,False,1
1402,KWEAAHFA,False,False,False,False,False,True,False,False,False,False,1
1403,WEAAHFAE,False,False,False,False,False,True,False,False,False,False,1
1404,EAAHFAEQ,False,False,False,False,False,True,False,False,False,False,1
1405,AAHFAEQL,False,False,False,False,False,True,False,False,False,False,1
1406,AHFAEQLR,False,False,False,False,False,True,False,False,False,False,1
1407,HFAEQLRA,False,False,False,False,False,True,False,False,False,False,1
1408,FAEQLRAY,False,False,False,False,False,True,False,False,False,False,1
1409,AEQLRAYL,False,False,False,True,False,True,False,False,False,False,2
1410,EQLRAYLE,False,False,False,True,False,True,False,False,False,False,2
1411,QLRAYLEG,False,False,False,True,False,True,False,False,False,False,2
1412,LRAYLEGT,False,False,False,True,False,True,False,True,False,False,3
1413,RAYLEGTC,False,False,False,True,False,True,False,True,False,False,3
1414,AYLEGTCV,False,False,False,True,False,True,False,True,False,False,3
1415,YLEGTCVE,False,False,False,True,False,True,False,True,False,False,3
1416,LEGTCVEW,False,False,False,True,False,True,False,True,False,False,3
1417,EGTCVEWL,False,False,False,True,False,True,False,True,False,False,3
1418,GTCVEWLR,False,False,False,True,False,True,False,True,False,False,3
1419,TCVEWLRR,False,False,False,True,False,True,False,True,True,False,4
1420,CVEWLRRH,False,False,False,False,False,True,False,False,False,False,1
1421,VEWLRRHL,False,False,False,False,False,True,False,False,False,False,1
1422,EWLRRHLE,False,False,False,False,False,True,False,False,False,False,1
1423,WLRRHLEN,False,False,False,False,False,True,False,False,False,False,1
1424,LRRHLENG,False,False,False,False,False,True,False,False,False,False,1
1425,RRHLENGK,False,False,False,False,False,True,False,False,False,False,1
1426,RHLENGKE,False,False,False,False,False,True,False,False,False,False,1
1427,HLENGKET,False,False,False,False,False,True,False,False,False,False,1
1428,LENGKETL,False,True,False,True,False,True,False,False,False,False,3
1429,ENGKETLQ,False,False,False,True,False,True,False,False,False,False,2
1430,NGKETLQR,False,False,False,True,False,True,False,False,False,False,2
1431,GKETLQRT,False,False,False,True,False,True,False,False,False,False,2
1432,KETLQRTD,False,False,False,True,False,True,False,False,False,False,2
1433,ETLQRTDA,False,False,False,False,False,True,False,False,False,False,1
1434,TLQRTDAP,False,False,False,False,False,True,False,False,False,False,1
1435,LQRTDAPK,False,False,False,False,False,True,False,False,False,False,1
1436,QRTDAPKT,False,False,False,False,False,True,False,False,False,False,1
1437,RTDAPKTH,False,False,False,False,False,True,False,False,False,False,1
1438,TDAPKTHM,False,False,False,False,False,True,False,False,False,False,1
1439,DAPKTHMT,False,False,False,False,False,True,False,False,False,False,1
1440,APKTHMTH,False,False,False,False,False,True,False,False,False,False,1
1441,PKTHMTHH,False,False,False,True,False,True,False,False,False,False,2
1442,KTHMTHHA,False,False,False,False,False,True,False,False,False,False,1
1443,THMTHHAV,False,False,False,False,False,True,False,False,False,False,1
1444,HMTHHAVS,False,False,False,False,False,True,False,False,False,False,1
1445,MTHHAVSD,False,False,False,False,False,True,False,False,False,False,1
1446,THHAVSDH,False,False,False,False,False,True,False,False,False,False,1
1447,HHAVSDHE,False,False,False,False,False,True,False,False,False,False,1
1448,HAVSDHEA,False,False,False,False,False,True,False,False,False,False,1
1449,AVSDHEAI,False,False,False,False,False,True,False,False,False,False,1
1450,VSDHEAIL,False,False,False,False,False,True,False,False,False,False,1
1451,SDHEAILR,False,False,False,False,False,True,False,False,False,False,1
1452,DHEAILRC,False,False,False,False,False,True,False,False,False,False,1
1453,HEAILRCW,False,False,False,False,False,True,False,False,False,False,1
1454,EAILRCWA,False,False,False,False,False,True,False,False,False,False,1
1455,AILRCWAL,False,False,False,False,False,True,False,False,False,False,1
1456,ILRCWALS,False,False,False,False,False,True,False,False,False,False,1
1457,LRCWALSF,False,False,False,False,False,True,False,False,False,False,1
1458,RCWALSFY,False,False,False,False,False,True,False,False,False,False,1
1459,CWALSFYP,False,False,False,False,False,True,False,False,False,False,1
1460,WALSFYPA,False,False,False,False,False,True,False,False,False,False,1
1461,ALSFYPAE,False,False,False,False,False,True,False,False,False,False,1
1462,LSFYPAEI,False,False,False,False,False,True,False,False,False,False,1
1463,SFYPAEIT,False,False,False,False,False,True,False,False,False,False,1
1464,FYPAEITL,False,False,False,True,False,True,False,False,False,False,2
1465,YPAEITLT,False,False,False,True,False,True,False,False,False,False,2
1466,PAEITLTW,False,False,False,True,False,True,False,False,False,False,2
1467,AEITLTWQ,False,False,False,True,False,True,False,False,False,False,2
1468,EITLTWQR,False,False,False,True,False,True,False,False,False,False,2
1469,ITLTWQRD,False,False,False,True,False,True,False,False,False,False,2
1470,TLTWQRDG,False,False,False,True,False,True,False,False,False,False,2
1471,LTWQRDGE,False,False,False,True,False,True,False,False,False,False,2
1472,TWQRDGED,False,False,False,True,False,True,False,False,False,False,2
1473,WQRDGEDQ,False,False,False,True,False,True,False,False,False,False,2
1474,QRDGEDQT,False,False,False,True,False,True,False,False,False,False,2
1475,RDGEDQTQ,False,False,False,True,False,True,False,False,False,False,2
1476,DGEDQTQD,False,False,False,True,False,True,False,False,False,False,2
1477,GEDQTQDT,False,False,False,True,False,True,False,False,False,False,2
1478,EDQTQDTE,False,False,False,True,False,True,False,False,False,False,2
1479,DQTQDTEL,False,False,False,True,False,True,False,False,False,False,2
1480,QTQDTELV,False,False,False,True,False,True,False,False,False,False,2
1481,TQDTELVE,False,False,False,True,False,True,False,False,False,False,2
1482,QDTELVET,False,False,False,True,False,True,False,True,False,False,3
1483,DTELVETR,False,False,False,True,False,True,False,True,False,False,3
1484,TELVETRP,False,False,False,True,False,True,False,True,False,False,3
1485,ELVETRPA,False,False,False,True,False,True,False,True,False,False,3
1486,LVETRPAG,False,False,False,True,False,True,False,True,False,False,3
1487,VETRPAGD,False,False,False,True,False,True,False,True,False,False,3
1488,ETRPAGDG,False,False,False,True,False,True,False,True,False,False,3
1489,TRPAGDGT,False,False,False,True,False,True,False,True,False,False,3
1490,RPAGDGTF,False,False,False,True,False,True,False,True,False,False,3
1491,PAGDGTFQ,False,False,False,True,False,True,False,True,False,False,3
1492,AGDGTFQK,False,False,False,True,False,True,False,True,False,False,3
1493,GDGTFQKW,False,False,False,True,False,True,False,True,False,False,3
1494,DGTFQKWA,False,False,False,True,False,True,False,True,False,False,3
1495,GTFQKWAA,False,False,False,True,False,True,False,True,False,False,3
1496,TFQKWAAV,False,False,False,True,False,True,False,True,False,False,3
1497,FQKWAAVV,False,False,False,True,False,True,False,True,False,False,3
1498,QKWAAVVV,False,False,False,True,False,True,False,True,False,False,3
1499,KWAAVVVP,False,False,False,True,False,True,False,True,False,False,3
1500,WAAVVVPS,False,False,False,True,False,True,False,False,False,False,2
1501,AAVVVPSG,False,False,False,True,False,True,False,False,False,False,2
1502,AVVVPSGQ,False,False,False,True,False,True,False,False,False,False,2
1503,VVVPSGQE,False,False,False,True,False,True,False,False,False,False,2
1504,VVPSGQEQ,False,False,False,True,False,True,False,False,False,False,2
1505,VPSGQEQR,False,False,False,True,False,True,False,False,False,False,2
1506,PSGQEQRY,False,False,False,True,False,True,False,False,False,False,2
1507,SGQEQRYT,False,False,False,True,False,True,False,False,False,False,2
1508,GQEQRYTC,False,False,False,True,False,True,False,False,False,False,2
1509,QEQRYTCH,False,False,False,True,False,True,False,False,False,False,2
1510,EQRYTCHV,False,False,False,True,False,True,False,False,False,False,2
1511,QRYTCHVQ,False,False,False,True,False,True,False,False,False,False,2
1512,RYTCHVQH,False,False,False,True,False,True,False,False,False,False,2
1513,YTCHVQHE,False,False,False,True,False,True,False,False,False,False,2
1514,TCHVQHEG,False,False,False,True,False,True,False,False,False,False,2
1515,CHVQHEGL,False,False,False,True,False,True,False,False,False,False,2
1516,HVQHEGLP,False,False,False,True,False,True,False,False,False,False,2
1517,VQHEGLPE,False,False,False,True,False,True,False,False,False,False,2
1518,QHEGLPEP,False,False,False,True,False,True,False,False,False,False,2
1519,HEGLPEPL,False,False,False,True,False,True,False,True,False,False,3
1520,EGLPEPLT,False,False,False,True,False,True,False,True,False,False,3
1521,GLPEPLTL,False,False,False,True,False,True,False,True,False,False,3
1522,LPEPLTLR,False,False,False,True,False,True,False,True,False,False,3
1523,PEPLTLRW,False,False,False,True,False,True,False,True,False,False,3
1524,EPLTLRWE,False,False,False,True,False,True,False,True,False,False,3
1525,PLTLRWEP,False,False,False,True,False,True,False,True,False,False,3
1526,LTLRWEPS,False,False,False,True,False,True,False,False,False,False,2
1527,TLRWEPSS,False,False,False,True,False,True,False,False,False,False,2
1528,LRWEPSSQ,False,False,False,True,False,True,False,False,False,False,2
1529,RWEPSSQP,False,False,False,True,False,True,False,False,False,False,2
1530,WEPSSQPT,False,False,False,True,False,True,False,False,False,False,2
1531,EPSSQPTI,False,False,False,True,False,True,False,False,False,False,2
1532,PSSQPTIP,False,False,False,True,False,True,False,False,False,False,2
1533,SSQPTIPI,False,False,False,True,False,True,False,False,False,False,2
1534,SQPTIPIV,False,False,False,True,False,True,False,False,False,False,2
1535,QPTIPIVG,False,False,False,True,False,True,False,False,False,False,2
1536,PTIPIVGI,False,False,False,True,False,True,False,False,False,False,2
1537,TIPIVGII,False,False,False,True,False,True,False,False,False,False,2
1538,IPIVGIIA,False,False,False,True,False,True,False,False,False,False,2
1539,PIVGIIAG,False,False,False,True,False,True,False,False,False,False,2
1540,IVGIIAGL,False,True,False,True,False,True,False,False,False,False,3
1541,VGIIAGLV,False,False,False,True,False,True,False,False,False,False,2
1542,GIIAGLVL,False,False,False,True,False,True,False,False,False,False,2
1543,IIAGLVLF,False,False,False,False,False,True,False,False,False,False,1
1544,IAGLVLFG,False,False,False,False,False,True,False,False,False,False,1
1545,AGLVLFGA,False,False,False,False,False,True,False,False,False,False,1
1546,GLVLFGAV,False,False,False,False,False,True,False,False,False,False,1
1547,LVLFGAVI,False,False,False,False,False,True,False,False,False,False,1
1548,VLFGAVIA,False,False,False,False,False,True,False,False,False,False,1
1549,LFGAVIAG,False,False,False,False,False,True,False,False,False,False,1
1550,FGAVIAGA,False,False,False,False,False,True,False,False,False,False,1
1551,GAVIAGAV,False,False,False,False,False,True,False,False,False,False,1
1552,AVIAGAVV,False,False,False,False,False,True,False,False,False,False,1
1553,VIAGAVVA,False,False,False,False,False,True,False,False,False,False,1
1554,IAGAVVAA,False,False,False,False,False,True,False,False,False,False,1
1555,AGAVVAAV,False,False,False,False,False,True,False,False,False,False,1
1556,GAVVAAVR,False,False,False,False,False,True,False,False,False,False,1
1557,AVVAAVRW,False,False,False,False,False,True,False,False,False,False,1
1558,VVAAVRWR,False,False,False,False,False,True,False,False,False,False,1
1559,VAAVRWRR,False,False,False,False,False,True,False,False,False,False,1
1560,AAVRWRRK,False,False,False,False,False,True,False,False,False,False,1
1561,AVRWRRKS,False,False,False,False,False,True,False,False,False,False,1
1562,VRWRRKSS,False,False,False,False,False,True,False,False,False,False,1
1563,RWRRKSSD,False,False,False,False,False,True,False,False,False,False,1
1564,WRRKSSDR,False,False,False,True,False,True,False,False,False,False,2
1565,RRKSSDRK,False,False,False,True,False,True,False,False,False,False,2
1566,RKSSDRKG,False,False,False,True,False,True,False,False,False,False,2
1567,KSSDRKGG,False,False,False,True,False,True,False,False,False,False,2
1568,SSDRKGGS,False,False,False,True,False,True,False,True,False,False,3
1569,SDRKGGSY,False,False,False,True,False,True,False,True,False,False,3
1570,DRKGGSYS,False,False,False,True,False,True,False,False,False,False,2
1571,RKGGSYSQ,False,False,False,True,False,True,False,False,False,False,2
1572,KGGSYSQA,False,False,False,True,False,True,False,False,False,False,2
1573,GGSYSQAA,False,False,False,True,False,True,False,False,False,False,2
1574,GSYSQAAS,False,False,False,True,False,True,False,False,False,False,2
1575,SYSQAASS,False,False,False,True,False,True,False,False,False,False,2
1576,YSQAASSD,False,False,False,False,False,True,False,False,False,False,1
1577,SQAASSDS,False,False,False,False,False,True,False,False,False,False,1
1578,QAASSDSA,False,False,False,True,False,True,False,False,False,False,2
1579,AASSDSAQ,False,False,False,True,False,True,False,False,False,False,2
1580,ASSDSAQG,False,False,False,True,False,True,False,False,False,False,2
1581,SSDSAQGS,False,False,False,True,False,True,False,False,False,False,2
1582,SDSAQGSD,False,False,False,True,False,True,False,False,False,False,2
1583,DSAQGSDV,False,False,False,True,False,True,False,False,False,False,2
1584,SAQGSDVS,False,False,False,True,False,True,False,False,False,False,2
1585,AQGSDVSL,False,False,False,True,False,True,False,False,False,False,2
1586,QGSDVSLT,False,False,False,True,False,True,False,False,False,False,2
1587,GSDVSLTA,False,False,False,True,False,True,False,False,False,False,2
1588,SDVSLTAC,False,False,False,True,False,True,False,False,False,False,2
1589,DVSLTACK,False,False,False,True,False,True,False,False,False,False,2
1590,VSLTACKV,False,False,False,True,False,True,False,False,False,False,2
1591,MAVMPPRT,False,False,False,False,False,True,False,False,False,False,1
1592,AVMPPRTL,False,False,False,False,False,True,False,False,False,False,1
1593,VMPPRTLL,False,False,False,False,False,True,False,False,False,False,1
1594,MPPRTLLL,False,False,False,False,False,True,False,False,False,False,1
1595,PPRTLLLL,False,False,False,False,False,True,False,False,False,False,1
1596,PRTLLLLL,False,False,False,True,False,True,False,True,False,False,3
1597,RTLLLLLS,False,False,False,True,False,True,False,False,False,False,2
1598,TLLLLLSG,False,False,False,True,False,True,False,False,False,False,2
1599,LLLLLSGA,False,False,True,True,False,True,False,True,False,True,5
1600,LLLLSGAL,True,False,False,True,False,True,False,False,False,False,3
1601,SHSMRYFF,False,False,False,True,False,True,False,False,False,False,2
1602,HSMRYFFT,False,False,False,True,False,True,False,False,False,False,2
1603,SMRYFFTS,False,False,False,True,False,True,False,False,False,False,2
1604,MRYFFTSV,False,False,False,True,False,True,False,False,False,False,2
1605,RYFFTSVS,False,False,False,True,False,True,False,False,False,False,2
1606,YFFTSVSR,False,False,False,True,False,True,False,False,False,False,2
1607,FFTSVSRP,False,False,False,True,False,True,False,False,False,False,2
1608,FTSVSRPG,False,False,False,True,False,True,False,False,False,False,2
1609,EGPEYWDE,False,False,False,False,False,True,False,False,False,False,1
1610,GPEYWDEE,False,False,False,False,False,True,False,False,False,False,1
1611,PEYWDEET,False,False,False,False,False,True,False,False,False,False,1
1612,EYWDEETR,False,False,False,False,False,True,False,False,False,False,1
1613,YWDEETRS,False,False,False,False,False,True,False,False,False,False,1
1614,WDEETRSA,False,False,False,False,False,True,False,False,False,False,1
1615,DEETRSAK,False,False,False,False,False,True,False,False,False,False,1
1616,EETRSAKA,False,False,False,False,False,True,False,False,False,False,1
1617,ETRSAKAH,False,False,False,False,False,True,False,False,False,False,1
1618,TRSAKAHS,False,False,False,False,False,True,False,False,False,False,1
1619,RSAKAHSQ,False,False,False,False,False,True,False,False,False,False,1
1620,SAKAHSQT,False,False,False,False,False,True,False,False,False,False,1
1621,AKAHSQTD,False,False,False,False,False,True,False,False,False,False,1
1622,DGSHTIQI,False,False,False,False,False,True,False,False,False,False,1
1623,GSHTIQIM,False,False,False,True,False,True,False,False,False,False,2
1624,SHTIQIMY,False,False,False,True,False,True,False,False,False,False,2
1625,HTIQIMYG,False,False,False,True,False,True,False,False,False,False,2
1626,TIQIMYGC,False,False,False,True,False,True,False,False,False,False,2
1627,IQIMYGCD,False,False,False,True,False,True,False,False,False,False,2
1628,QIMYGCDV,False,False,False,True,False,True,False,False,False,False,2
1629,IMYGCDVG,False,False,False,True,False,True,False,False,False,False,2
1630,GRFLRGYR,False,False,False,True,False,True,False,False,False,False,2
1631,RFLRGYRQ,False,False,False,True,False,True,False,False,False,False,2
1632,FLRGYRQD,False,False,False,True,False,True,False,False,False,False,2
1633,LRGYRQDA,False,False,False,True,False,True,False,True,False,False,3
1634,RGYRQDAY,False,False,False,True,False,True,False,True,False,False,3
1635,GYRQDAYD,False,False,False,True,False,True,False,True,False,False,3
1636,YRQDAYDG,False,False,False,True,False,True,False,True,False,False,3
1637,RQDAYDGK,False,False,False,True,False,True,False,False,False,False,2
1638,TAADMAAQ,False,False,False,True,False,True,False,True,False,False,3
1639,AADMAAQI,False,False,False,True,False,True,False,True,False,False,3
1640,ADMAAQIT,False,False,False,True,False,True,False,True,False,False,3
1641,DMAAQITK,False,False,False,True,False,True,False,False,False,False,2
1642,MAAQITKR,False,False,False,True,False,True,False,False,False,False,2
1643,AAQITKRK,False,False,False,True,False,True,False,False,False,False,2
1644,AQITKRKW,False,False,False,True,False,True,False,False,False,False,2
1645,QITKRKWE,False,False,False,True,False,True,False,False,False,False,2
1646,RKWEAAHA,False,False,False,False,False,True,False,False,False,False,1
1647,KWEAAHAA,False,False,False,False,False,True,False,False,False,False,1
1648,WEAAHAAE,False,False,False,False,False,True,False,False,False,False,1
1649,EAAHAAEQ,False,False,False,False,False,True,False,False,False,False,1
1650,AAHAAEQR,False,False,False,False,False,True,False,False,False,False,1
1651,AHAAEQRR,False,False,False,False,False,True,False,False,False,False,1
1652,HAAEQRRA,False,False,False,False,False,True,False,False,False,False,1
1653,AAEQRRAY,False,False,False,False,False,True,False,False,False,False,1
1654,AEQRRAYL,False,False,False,True,False,True,False,False,False,False,2
1655,EQRRAYLE,False,False,False,True,False,True,False,False,False,False,2
1656,QRRAYLEG,False,False,False,True,False,True,False,False,False,False,2
1657,RRAYLEGT,False,False,False,True,False,True,False,False,False,False,2
1658,CVEWLRRY,False,False,False,True,False,True,False,True,True,False,4
1659,VEWLRRYL,False,False,False,True,False,True,False,True,False,False,3
1660,EWLRRYLE,False,False,False,True,False,True,False,True,False,False,3
1661,WLRRYLEN,False,False,False,True,False,True,False,False,False,False,2
1662,LRRYLENG,False,False,False,True,False,True,False,False,False,False,2
1663,RRYLENGK,False,False,False,True,False,True,False,False,False,False,2
1664,RYLENGKE,False,False,False,True,False,True,False,False,False,False,2
1665,YLENGKET,False,False,False,True,False,True,False,False,False,False,2
1666,ETLQRTDP,False,False,False,True,False,True,False,False,False,False,2
1667,TLQRTDPP,False,False,False,True,False,True,False,False,False,False,2
1668,LQRTDPPK,False,False,False,True,False,True,False,False,False,False,2
1669,QRTDPPKT,False,False,False,True,False,True,False,False,False,False,2
1670,RTDPPKTH,False,False,False,True,False,True,False,True,False,False,3
1671,TDPPKTHM,False,False,False,True,False,True,False,False,False,False,2
1672,DPPKTHMT,False,False,False,True,False,True,False,False,False,False,2
1673,PPKTHMTH,False,False,False,True,False,True,False,False,False,False,2
1674,KTHMTHHP,False,False,False,True,False,True,False,False,False,False,2
1675,THMTHHPI,False,False,False,True,False,True,False,False,False,False,2
1676,HMTHHPIS,False,False,False,True,False,True,False,False,False,False,2
1677,MTHHPISD,False,False,False,True,False,True,False,False,False,False,2
1678,THHPISDH,False,False,False,True,False,True,False,False,False,False,2
1679,HHPISDHE,False,False,False,True,False,True,False,False,False,False,2
1680,HPISDHEA,False,False,False,True,False,True,False,False,False,False,2
1681,PISDHEAT,False,False,False,True,False,True,False,False,False,False,2
1682,ISDHEATL,False,False,False,True,False,True,False,False,False,False,2
1683,SDHEATLR,False,False,False,True,False,True,False,False,False,False,2
1684,DHEATLRC,False,False,False,True,False,True,False,False,False,False,2
1685,HEATLRCW,False,False,False,True,False,True,False,False,False,False,2
1686,EATLRCWA,False,False,False,True,False,True,False,False,False,False,2
1687,ATLRCWAL,False,False,False,True,False,True,False,False,False,False,2
1688,TLRCWALG,False,False,False,True,False,True,False,True,False,False,3
1689,LRCWALGF,False,False,False,True,False,True,False,True,False,False,3
1690,RCWALGFY,False,False,False,True,False,True,False,True,False,False,3
1691,CWALGFYP,False,False,False,True,False,True,False,True,False,False,3
1692,WALGFYPA,False,False,False,True,False,True,False,True,False,False,3
1693,ALGFYPAE,False,False,False,True,False,True,False,False,False,False,2
1694,LGFYPAEI,False,False,False,True,False,True,False,False,False,False,2
1695,GFYPAEIT,False,False,False,True,False,True,False,False,False,False,2
1696,AVVVPSGE,False,False,False,True,False,True,False,False,False,False,2
1697,VVVPSGEE,False,True,False,True,False,True,False,False,False,False,3
1698,VVPSGEEQ,False,False,False,True,False,True,False,False,False,False,2
1699,VPSGEEQR,False,False,False,True,False,True,False,False,False,False,2
1700,PSGEEQRY,False,False,False,True,False,True,False,False,False,False,2
1701,SGEEQRYT,False,False,False,True,False,True,False,False,False,False,2
1702,GEEQRYTC,False,False,False,True,False,True,False,False,False,False,2
1703,EEQRYTCH,False,False,False,True,False,True,False,False,False,False,2
1704,VQHEGLPK,False,False,False,True,False,True,False,False,False,False,2
1705,QHEGLPKP,False,False,False,True,False,True,False,False,False,False,2
1706,HEGLPKPL,False,False,False,True,False,True,False,True,False,False,3
1707,EGLPKPLT,False,False,False,True,False,True,False,False,False,False,2
1708,GLPKPLTL,False,False,False,True,False,True,False,True,False,False,3
1709,LPKPLTLR,False,False,False,True,False,True,False,True,False,False,3
1710,PKPLTLRW,False,False,False,True,False,True,False,True,False,False,3
1711,KPLTLRWE,False,False,False,True,False,True,False,True,False,False,3
1712,IIAGLVLL,False,False,False,True,False,True,False,True,False,False,3
1713,IAGLVLLG,False,True,False,True,True,True,False,False,False,False,4
1714,AGLVLLGA,False,True,False,True,False,True,False,False,False,False,3
1715,GLVLLGAV,False,True,False,True,False,True,False,False,False,False,3
1716,LVLLGAVI,False,False,False,True,False,True,False,False,False,False,2
1717,VLLGAVIT,False,True,False,True,False,True,False,False,False,False,3
1718,LLGAVITG,False,False,False,True,False,True,False,False,False,False,2
1719,LGAVITGA,False,False,False,True,False,True,False,False,False,False,2
1720,GAVITGAV,False,False,False,True,False,True,False,False,False,False,2
1721,AVITGAVV,False,False,False,True,False,True,False,False,False,False,2
1722,VITGAVVA,False,False,False,True,False,True,False,False,False,False,2
1723,ITGAVVAA,False,False,False,True,False,True,False,False,False,False,2
1724,TGAVVAAV,False,False,False,True,False,True,False,False,False,False,2
1725,GAVVAAVM,False,False,False,True,False,True,False,False,False,False,2
1726,AVVAAVMW,False,False,False,True,False,True,False,False,False,False,2
1727,VVAAVMWR,False,False,False,True,False,True,False,False,False,False,2
1728,VAAVMWRR,False,False,False,True,False,True,False,False,False,False,2
1729,AAVMWRRK,False,False,False,True,False,True,False,False,False,False,2
1730,AVMWRRKS,False,False,False,True,False,True,False,False,False,False,2
1731,VMWRRKSS,False,False,False,True,False,True,False,False,False,False,2
1732,MWRRKSSD,False,False,False,True,False,True,False,False,False,False,2
1733,DRKGGSYT,False,False,False,True,False,True,False,False,False,False,2
1734,RKGGSYTQ,False,False,False,True,False,True,False,False,False,False,2
1735,KGGSYTQA,False,False,False,True,False,True,False,False,False,False,2
1736,GGSYTQAA,False,False,False,True,False,True,False,False,False,False,2
1737,GSYTQAAS,False,False,False,True,False,True,False,False,False,False,2
1738,SYTQAASS,False,False,False,True,False,True,False,False,False,False,2
1739,YTQAASSD,False,False,False,True,False,True,False,False,False,False,2
1740,TQAASSDS,False,False,False,True,False,True,False,False,False,False,2
1741,MAIMAPRT,False,False,False,False,False,True,False,False,False,False,1
1742,AIMAPRTL,False,False,False,False,False,True,False,False,False,False,1
1743,IMAPRTLL,False,False,False,False,False,True,False,False,False,False,1
1744,MAPRTLLL,False,False,False,True,False,True,False,True,False,True,4
1745,APRTLLLL,False,False,False,True,False,True,False,True,False,True,4
1746,SQRMEPRT,False,False,False,False,False,True,False,False,False,False,1
1747,QRMEPRTP,False,False,False,False,False,True,False,False,False,False,1
1748,RMEPRTPW,False,False,False,False,False,True,False,False,False,False,1
1749,MEPRTPWM,False,False,False,False,False,True,False,False,False,False,1
1750,EPRTPWME,False,False,False,False,False,True,False,False,False,False,1
1751,PRTPWMEQ,False,False,False,False,False,True,False,False,False,False,1
1752,RTPWMEQE,False,False,False,False,False,True,False,False,False,False,1
1753,TPWMEQEG,False,False,False,False,False,True,False,False,False,False,1
1754,PWMEQEGP,False,False,False,False,False,True,False,True,False,False,2
1755,WMEQEGPE,False,False,False,False,False,True,False,True,False,False,2
1756,MEQEGPEY,False,False,False,False,False,True,False,True,False,False,2
1757,GPEYWDRE,False,False,False,True,False,True,False,False,False,False,2
1758,PEYWDRET,False,False,False,True,False,True,False,False,False,False,2
1759,EYWDRETR,False,False,False,True,False,True,False,False,False,False,2
1760,YWDRETRS,False,False,False,True,False,True,False,False,False,False,2
1761,WDRETRSV,False,False,False,False,False,True,False,False,False,False,1
1762,DRETRSVK,False,False,False,False,False,True,False,False,False,False,1
1763,RETRSVKA,False,False,False,False,False,True,False,False,False,False,1
1764,ETRSVKAH,False,False,False,False,False,True,False,False,False,False,1
1765,TRSVKAHA,False,False,False,False,False,True,False,False,False,False,1
1766,RSVKAHAQ,False,False,False,False,False,True,False,False,False,False,1
1767,SVKAHAQT,False,False,False,False,False,True,False,False,False,False,1
1768,VKAHAQTN,False,False,False,False,False,True,False,False,False,False,1
1769,KAHAQTNR,False,False,False,False,False,True,False,False,False,False,1
1770,AHAQTNRV,False,False,False,False,False,True,False,False,False,False,1
1771,HAQTNRVD,False,False,False,False,False,True,False,False,False,False,1
1772,AQTNRVDL,False,False,False,False,False,True,False,False,False,False,1
1773,QTNRVDLG,False,False,False,False,False,True,False,False,False,False,1
1774,TNRVDLGT,False,False,False,False,False,True,False,False,False,False,1
1775,NRVDLGTL,False,False,False,False,False,True,False,False,False,False,1
1776,RGYYNQSD,False,False,False,False,False,True,False,False,False,False,1
1777,GYYNQSDG,False,False,False,False,False,True,False,False,False,False,1
1778,YYNQSDGG,False,False,False,False,False,True,False,False,False,False,1
1779,YNQSDGGS,False,False,False,False,False,True,False,False,False,False,1
1780,NQSDGGSH,False,False,False,False,False,True,False,False,False,False,1
1781,QSDGGSHT,False,False,False,False,False,True,False,False,False,False,1
1782,SDGGSHTI,False,False,False,False,False,True,False,False,False,False,1
1783,DGGSHTIQ,False,False,False,False,False,True,False,False,False,False,1
1784,GGSHTIQR,False,False,False,False,False,True,False,True,False,False,2
1785,SHTIQRMF,False,False,False,False,False,True,False,False,False,False,1
1786,HTIQRMFG,False,False,False,False,False,True,False,False,False,False,1
1787,TIQRMFGC,False,False,False,False,False,True,False,False,False,False,1
1788,IQRMFGCD,False,False,False,False,False,True,False,False,False,False,1
1789,QRMFGCDV,False,False,False,False,False,True,False,True,False,False,2
1790,RMFGCDVG,False,False,False,False,False,True,False,True,False,False,2
1791,MFGCDVGP,False,False,False,False,False,True,False,False,False,False,1
1792,FGCDVGPD,False,False,False,False,False,True,False,False,False,False,1
1793,GCDVGPDG,False,False,False,True,False,True,False,True,False,False,3
1794,CDVGPDGR,False,False,False,True,False,True,False,True,False,False,3
1795,DVGPDGRF,False,False,False,False,False,True,False,False,False,False,1
1796,VGPDGRFL,False,True,False,True,False,True,False,False,False,False,3
1797,GPDGRFLR,False,False,False,True,False,True,False,False,False,False,2
1798,PDGRFLRG,False,False,False,True,False,True,False,False,False,False,2
1799,GRFLRGYE,False,False,False,True,False,True,False,False,False,False,2
1800,RFLRGYEQ,False,False,False,True,False,True,False,False,False,False,2
1801,FLRGYEQH,False,False,False,True,False,True,False,False,False,False,2
1802,LRGYEQHA,False,False,False,True,False,True,False,True,False,False,3
1803,RGYEQHAY,False,False,False,True,False,True,False,True,False,False,3
1804,GYEQHAYD,False,False,False,True,False,True,False,True,False,False,3
1805,YEQHAYDG,False,False,False,True,False,True,False,True,False,False,3
1806,EQHAYDGK,False,False,False,True,False,True,False,False,False,False,2
1807,QHAYDGKD,False,False,False,True,False,True,False,False,False,False,2
1808,HAYDGKDY,False,False,False,True,False,True,False,False,False,False,2
1809,DMAAQITQ,False,False,False,False,False,True,False,False,False,False,1
1810,MAAQITQR,False,False,False,False,False,True,False,False,False,False,1
1811,AAQITQRK,False,False,False,True,False,True,False,False,False,False,2
1812,AQITQRKW,False,False,False,True,False,True,False,False,False,False,2
1813,QITQRKWE,False,False,False,True,False,True,False,False,False,False,2
1814,ITQRKWEA,False,False,False,True,False,True,False,False,False,False,2
1815,TQRKWEAA,False,False,False,True,False,True,False,False,False,False,2
1816,QRKWEAAG,False,False,False,False,False,True,False,False,False,False,1
1817,RKWEAAGA,False,False,False,False,False,True,False,False,False,False,1
1818,KWEAAGAA,False,False,False,False,False,True,False,False,False,False,1
1819,WEAAGAAE,False,False,False,False,False,True,False,False,False,False,1
1820,EAAGAAEQ,False,True,False,False,False,True,False,False,False,False,2
1821,AAGAAEQD,False,False,False,False,False,True,False,False,False,False,1
1822,AGAAEQDR,False,False,False,False,False,True,False,False,False,False,1
1823,GAAEQDRA,False,False,False,False,False,True,False,False,False,False,1
1824,AAEQDRAY,False,False,False,False,False,True,False,False,False,False,1
1825,AEQDRAYL,False,False,False,False,False,True,False,False,False,False,1
1826,EQDRAYLE,False,False,False,False,False,True,False,False,False,False,1
1827,QDRAYLEG,False,False,False,False,False,True,False,False,False,False,1
1828,DRAYLEGL,False,False,False,False,False,True,False,False,False,False,1
1829,RAYLEGLC,False,False,False,False,False,True,False,False,False,False,1
1830,AYLEGLCV,False,False,False,False,False,True,False,False,False,False,1
1831,YLEGLCVE,False,False,False,False,False,True,False,False,False,False,1
1832,LEGLCVES,False,False,False,False,False,True,False,False,False,False,1
1833,EGLCVESL,False,False,False,False,False,True,False,False,False,False,1
1834,GLCVESLR,False,False,False,False,False,True,False,False,False,False,1
1835,LCVESLRR,False,False,False,False,False,True,False,False,False,False,1
1836,CVESLRRY,False,False,False,False,False,True,False,False,False,False,1
1837,VESLRRYL,False,False,False,False,False,True,False,False,False,False,1
1838,ESLRRYLE,False,False,False,False,False,True,False,False,False,False,1
1839,SLRRYLEN,True,False,False,False,False,True,False,False,False,False,2
1840,THMTHHPV,False,False,False,False,False,True,False,False,False,False,1
1841,HMTHHPVS,False,False,False,False,False,True,False,False,False,False,1
1842,MTHHPVSD,False,False,False,False,False,True,False,False,False,False,1
1843,THHPVSDH,False,False,False,False,False,True,False,False,False,False,1
1844,HHPVSDHE,False,False,False,False,False,True,False,False,False,False,1
1845,HPVSDHEA,False,False,False,False,False,True,False,False,False,False,1
1846,PVSDHEAT,False,False,False,False,False,True,False,False,False,False,1
1847,VSDHEATL,False,False,False,False,False,True,False,False,False,False,1
1848,AVVVPSGK,False,False,False,False,False,True,False,False,False,False,1
1849,VVVPSGKE,False,False,False,False,False,True,False,False,False,False,1
1850,VVPSGKEQ,False,False,False,False,False,True,False,False,False,False,1
1851,VPSGKEQR,False,False,False,False,False,True,False,False,False,False,1
1852,PSGKEQRY,False,False,False,False,False,True,False,False,False,False,1
1853,SGKEQRYT,False,False,False,False,False,True,False,False,False,False,1
1854,GKEQRYTC,False,False,False,False,False,True,False,False,False,False,1
1855,KEQRYTCH,False,False,False,False,False,True,False,False,False,False,1
1856,PLTLRWEL,False,False,False,True,False,True,False,False,False,False,2
1857,LTLRWELS,False,False,False,True,False,True,False,False,False,False,2
1858,TLRWELSS,False,False,False,True,False,True,False,False,False,False,2
1859,LRWELSSQ,False,False,False,True,False,True,False,False,False,False,2
1860,RWELSSQP,False,False,False,True,False,True,False,False,False,False,2
1861,WELSSQPT,False,False,False,True,False,True,False,False,False,False,2
1862,ELSSQPTI,False,False,False,True,False,True,False,False,False,False,2
1863,LSSQPTIP,False,False,False,True,False,True,False,False,False,False,2
1864,AAVMWRRR,False,False,False,False,False,True,False,False,False,False,1
1865,AVMWRRRN,False,False,False,False,False,True,False,False,False,False,1
1866,VMWRRRNS,False,False,False,False,False,True,False,False,False,False,1
1867,MWRRRNSD,False,False,False,False,False,True,False,False,False,False,1
1868,WRRRNSDR,False,False,False,False,False,True,False,False,False,False,1
1869,RRRNSDRK,False,False,False,False,False,True,False,False,False,False,1
1870,RRNSDRKG,False,False,False,False,False,True,False,False,False,False,1
1871,RNSDRKGG,False,False,False,False,False,True,False,False,False,False,1
1872,NSDRKGGS,False,False,False,False,False,True,False,False,False,False,1
1873,SYSQAASN,False,False,False,False,False,True,False,False,False,False,1
1874,YSQAASND,False,False,False,False,False,True,False,False,False,False,1
1875,SQAASNDS,False,False,False,False,False,True,False,False,False,False,1
1876,QAASNDSA,False,False,False,False,False,True,False,False,False,False,1
1877,AASNDSAQ,False,False,False,False,False,True,False,False,False,False,1
1878,ASNDSAQG,False,False,False,False,False,True,False,False,False,False,1
1879,SNDSAQGS,False,False,False,False,False,True,False,False,False,False,1
1880,NDSAQGSD,False,False,False,False,False,True,False,False,False,False,1
1881,MTVMAPRT,False,False,False,False,False,True,False,False,False,False,1
1882,TVMAPRTL,False,False,False,False,False,True,False,False,False,False,1
1883,VMAPRTLL,False,False,False,True,False,True,False,False,False,False,2
1884,LLLSGALV,False,True,False,True,False,True,False,True,False,False,4
1885,LLSGALVL,False,False,False,False,False,True,False,False,False,False,1
1886,LSGALVLT,False,False,False,False,True,True,False,False,False,False,2
1887,SGALVLTE,False,False,False,False,False,True,False,False,False,False,1
1888,GALVLTET,False,False,False,False,False,True,False,False,False,False,1
1889,ALVLTETW,False,False,False,False,False,True,False,False,False,False,1
1890,LVLTETWA,False,False,False,False,False,True,False,False,False,False,1
1891,VLTETWAG,False,False,False,False,False,True,False,False,False,False,1
1892,LTETWAGS,False,False,False,True,False,True,False,False,False,False,2
1893,TETWAGSH,False,False,False,True,False,True,False,False,False,False,2
1894,ETWAGSHS,False,False,False,True,False,True,False,False,False,False,2
1895,SHSMRYFE,False,False,False,False,False,True,False,True,False,False,2
1896,HSMRYFET,False,False,False,False,False,True,False,True,False,False,2
1897,SMRYFETS,False,False,False,False,False,True,False,True,False,False,2
1898,MRYFETSV,False,False,False,False,False,True,False,True,False,False,2
1899,RYFETSVS,False,False,False,False,False,True,False,True,False,False,2
1900,YFETSVSR,False,False,False,False,False,True,False,True,False,False,2
1901,FETSVSRP,False,False,False,False,False,True,False,True,False,False,2
1902,ETSVSRPG,False,False,False,False,False,True,False,True,False,False,2
1903,PGRGEPRY,False,False,False,True,False,True,False,False,False,False,2
1904,GRGEPRYI,False,False,False,True,False,True,False,False,False,False,2
1905,RGEPRYIS,False,False,False,False,False,True,False,False,False,False,1
1906,GEPRYISV,False,False,False,False,False,True,False,True,False,False,2
1907,EPRYISVG,False,False,False,False,False,True,False,True,False,False,2
1908,PRYISVGY,False,False,False,False,False,True,False,True,False,False,2
1909,RYISVGYV,False,True,False,False,False,True,False,True,False,False,3
1910,YISVGYVD,False,True,False,False,False,True,False,True,False,False,3
1911,ISVGYVDD,False,False,False,True,False,True,False,True,False,False,3
1912,SVGYVDDT,False,False,False,True,False,True,False,True,False,False,3
1913,FDSDAASP,False,False,False,True,False,True,False,False,False,False,2
1914,DSDAASPR,False,False,False,True,False,True,False,False,False,False,2
1915,SDAASPRM,False,False,False,False,False,True,False,False,False,False,1
1916,DAASPRME,False,False,False,False,False,True,False,False,False,False,1
1917,AASPRMEP,False,False,False,False,False,True,False,False,False,False,1
1918,ASPRMEPR,False,False,False,False,False,True,False,False,False,False,1
1919,SPRMEPRA,False,False,False,False,False,True,False,False,False,False,1
1920,PRMEPRAP,False,False,False,True,False,True,False,True,False,False,3
1921,MEPRAPWM,False,False,False,False,False,True,False,True,False,False,2
1922,EPRAPWME,False,False,False,True,False,True,False,True,False,False,3
1923,PRAPWMEQ,False,False,False,True,False,True,False,True,False,False,3
1924,RAPWMEQE,False,False,False,True,False,True,False,True,False,False,3
1925,APWMEQEG,False,False,False,True,False,True,False,True,False,False,3
1926,QEGPEYWE,False,False,False,True,False,True,False,True,False,False,3
1927,EGPEYWEE,False,False,False,True,False,True,False,True,False,False,3
1928,GPEYWEEE,False,False,False,True,False,True,False,False,False,False,2
1929,PEYWEEET,False,False,False,True,False,True,False,False,False,False,2
1930,EYWEEETR,False,False,False,True,False,True,False,False,False,False,2
1931,YWEEETRK,False,False,False,False,False,True,False,False,False,False,1
1932,WEEETRKG,False,False,False,False,False,True,False,False,False,False,1
1933,EEETRKGK,False,False,False,False,False,True,False,False,False,False,1
1934,EETRKGKA,False,False,False,False,False,True,False,False,False,False,1
1935,ETRKGKAD,False,False,False,False,False,True,False,False,False,False,1
1936,TRKGKADA,False,False,False,False,False,True,False,False,False,False,1
1937,RKGKADAQ,False,False,False,False,False,True,False,False,False,False,1
1938,KGKADAQT,False,False,False,False,False,True,False,False,False,False,1
1939,GKADAQTF,False,False,False,False,False,True,False,False,False,False,1
1940,KADAQTFR,False,False,False,False,False,True,False,False,False,False,1
1941,ADAQTFRV,False,False,False,False,False,True,False,False,False,False,1
1942,DAQTFRVD,False,False,False,False,False,True,False,False,False,False,1
1943,AQTFRVDL,False,False,False,False,False,True,False,False,False,False,1
1944,QTFRVDLQ,False,False,False,False,False,True,False,False,False,False,1
1945,TFRVDLQT,False,False,False,False,False,True,False,False,False,False,1
1946,FRVDLQTL,False,False,False,False,False,True,False,False,False,False,1
1947,RVDLQTLL,False,False,False,False,False,True,False,False,False,False,1
1948,VDLQTLLG,False,False,False,False,False,True,False,False,False,False,1
1949,DLQTLLGY,False,False,False,False,False,True,False,False,False,False,1
1950,LQTLLGYY,False,False,False,False,False,True,False,False,False,False,1
1951,QTLLGYYN,False,False,False,False,False,True,False,False,False,False,1
1952,TLLGYYNQ,False,False,False,False,False,True,False,True,False,False,2
1953,LLGYYNQS,False,False,False,False,False,True,False,True,False,False,2
1954,LGYYNQSE,False,False,False,False,False,True,False,True,False,False,2
1955,GYYNQSEA,False,False,False,True,False,True,False,False,False,False,2
1956,YYNQSEAG,False,False,False,True,False,True,False,False,False,False,2
1957,YNQSEAGS,False,False,False,True,False,True,False,False,False,False,2
1958,NQSEAGSH,False,False,False,True,False,True,False,False,False,False,2
1959,QSEAGSHT,False,False,False,True,False,True,False,False,False,False,2
1960,SEAGSHTI,False,False,False,True,False,True,False,False,False,False,2
1961,EAGSHTIQ,False,False,False,True,False,True,False,False,False,False,2
1962,AGSHTIQW,False,False,False,False,False,True,False,False,False,False,1
1963,GSHTIQWM,False,False,False,False,False,True,False,True,False,False,2
1964,SHTIQWMY,False,False,False,False,False,True,False,True,False,False,2
1965,HTIQWMYG,False,False,False,False,False,True,False,True,False,False,2
1966,TIQWMYGC,False,False,False,False,False,True,False,True,False,False,2
1967,IQWMYGCD,False,False,False,False,False,True,False,False,False,False,1
1968,QWMYGCDL,False,False,False,False,False,True,False,False,False,False,1
1969,WMYGCDLG,False,False,False,False,False,True,False,False,False,False,1
1970,MYGCDLGP,False,False,False,False,False,True,False,False,False,False,1
1971,YGCDLGPD,False,False,False,False,False,True,False,False,False,False,1
1972,GCDLGPDG,False,False,False,True,False,True,False,False,False,False,2
1973,CDLGPDGR,False,False,False,True,False,True,False,False,False,False,2
1974,DLGPDGRL,False,False,False,True,False,True,False,False,False,False,2
1975,LGPDGRLL,False,True,False,True,False,True,False,False,False,False,3
1976,GPDGRLLR,False,False,False,True,False,True,False,True,False,False,3
1977,PDGRLLRG,False,False,False,True,False,True,False,True,False,False,3
1978,DGRLLRGY,False,False,False,True,False,True,False,True,False,False,3
1979,GRLLRGYD,False,False,False,True,False,True,False,False,False,False,2
1980,RLLRGYDQ,False,False,False,True,False,True,False,False,False,False,2
1981,LLRGYDQH,False,False,False,False,False,True,False,False,False,False,1
1982,LRGYDQHA,False,False,False,False,False,True,False,False,False,False,1
1983,RGYDQHAY,False,False,False,False,False,True,False,False,False,False,1
1984,GYDQHAYD,False,False,False,False,False,True,False,False,False,False,1
1985,YDQHAYDG,False,False,False,False,False,True,False,False,False,False,1
1986,DQHAYDGK,False,False,False,False,False,True,False,False,False,False,1
1987,DLRSWTAT,False,False,False,False,False,True,False,False,False,False,1
1988,LRSWTATD,False,False,False,False,False,True,False,False,False,False,1
1989,RSWTATDV,False,False,False,False,False,True,False,False,False,False,1
1990,SWTATDVA,False,False,False,False,False,True,False,False,False,False,1
1991,WTATDVAA,False,False,False,False,False,True,False,False,False,False,1
1992,TATDVAAQ,False,False,False,False,False,True,False,False,False,False,1
1993,ATDVAAQI,False,False,False,False,False,True,False,False,False,False,1
1994,TDVAAQIT,False,False,False,False,False,True,False,False,False,False,1
1995,DVAAQITQ,False,True,False,False,False,True,False,False,False,False,2
1996,VAAQITQR,False,False,True,False,False,True,False,False,False,False,2
1997,QRKWEAAN,False,False,False,False,False,True,False,False,False,False,1
1998,RKWEAANE,False,False,False,False,False,True,False,False,False,False,1
1999,KWEAANEA,False,False,False,False,False,True,False,False,False,False,1
2000,WEAANEAE,False,False,False,False,False,True,False,False,False,False,1
2001,EAANEAER,False,False,False,False,False,True,False,False,False,False,1
2002,AANEAERT,False,False,False,False,False,True,False,False,False,False,1
2003,ANEAERTR,False,False,False,False,False,True,False,False,False,False,1
2004,NEAERTRA,False,False,False,False,False,True,False,False,False,False,1
2005,EAERTRAY,False,False,False,False,False,True,False,False,False,False,1
2006,AERTRAYL,False,False,False,False,False,True,False,False,False,False,1
2007,ERTRAYLE,False,False,False,False,False,True,False,False,False,False,1
2008,RTRAYLEG,False,False,False,False,False,True,False,False,False,False,1
2009,TRAYLEGT,False,False,False,False,False,True,False,False,False,False,1
2010,GTCVEWLH,False,False,False,True,False,True,False,False,False,False,2
2011,TCVEWLHR,False,False,False,True,False,True,False,False,False,False,2
2012,CVEWLHRY,False,False,False,True,False,True,False,True,False,False,3
2013,VEWLHRYL,False,False,False,True,False,True,False,True,False,False,3
2014,EWLHRYLE,False,False,False,True,False,True,False,False,False,False,2
2015,WLHRYLEN,False,False,False,True,False,True,False,False,False,False,2
2016,LHRYLENG,False,False,False,True,False,True,False,False,False,False,2
2017,HRYLENGK,False,False,False,True,False,True,False,False,False,False,2
2018,GKETLQRA,False,False,False,True,False,True,False,False,False,False,2
2019,KETLQRAE,False,False,False,True,False,True,False,False,False,False,2
2020,ETLQRAEP,False,False,False,True,False,True,False,False,False,False,2
2021,TLQRAEPP,False,False,False,True,False,True,False,False,False,False,2
2022,LQRAEPPK,False,False,False,True,False,True,False,False,False,False,2
2023,QRAEPPKT,False,False,False,True,False,True,False,False,False,False,2
2024,RAEPPKTH,False,False,False,True,False,True,False,False,False,False,2
2025,AEPPKTHV,False,False,False,True,False,True,False,False,False,False,2
2026,EPPKTHVT,False,False,False,True,False,True,False,False,False,False,2
2027,PPKTHVTH,False,False,False,True,False,True,False,True,False,False,3
2028,PKTHVTHH,False,False,False,True,False,True,False,True,False,False,3
2029,KTHVTHHP,False,False,False,True,False,True,False,True,False,False,3
2030,THVTHHPV,False,False,False,True,False,True,False,False,False,False,2
2031,HVTHHPVS,False,False,False,False,False,True,False,False,False,False,1
2032,VTHHPVSD,False,False,False,False,False,True,False,False,False,False,1
2033,FYPAEITV,False,False,False,False,False,True,False,False,False,False,1
2034,YPAEITVT,False,False,False,False,False,True,False,False,False,False,1
2035,PAEITVTW,False,False,False,False,False,True,False,False,False,False,1
2036,AEITVTWQ,False,False,False,False,False,True,False,False,False,False,1
2037,EITVTWQR,False,False,False,False,False,True,False,False,False,False,1
2038,ITVTWQRD,False,False,False,False,False,True,False,False,False,False,1
2039,TVTWQRDG,False,False,False,False,False,True,False,False,False,False,1
2040,VTWQRDGE,False,False,False,False,False,True,False,False,False,False,1
2041,GEDQTQDM,False,False,False,False,False,True,False,False,False,False,1
2042,EDQTQDME,False,False,False,False,False,True,False,False,False,False,1
2043,DQTQDMEL,False,False,False,False,False,True,False,False,False,False,1
2044,QTQDMELV,False,False,False,False,False,True,False,False,False,False,1
2045,TQDMELVE,False,False,False,False,False,True,False,True,False,False,2
2046,QDMELVET,False,False,False,False,False,True,False,True,False,False,2
2047,DMELVETR,False,False,False,False,False,True,False,True,False,False,2
2048,MELVETRP,False,False,False,False,False,True,False,True,False,False,2
2049,KWAAVVVL,False,False,False,False,False,True,False,False,False,False,1
2050,WAAVVVLS,False,False,False,False,False,True,False,False,False,False,1
2051,AAVVVLSG,False,False,False,False,False,True,False,False,False,False,1
2052,AVVVLSGE,False,False,False,False,False,True,False,False,False,False,1
2053,VVVLSGEE,False,False,False,False,False,True,False,False,False,False,1
2054,VVLSGEEQ,False,False,False,False,False,True,False,False,False,False,1
2055,VLSGEEQR,False,False,False,False,False,True,False,False,False,False,1
2056,LSGEEQRY,False,False,False,False,False,True,False,False,False,False,1
2057,LTLRWEPP,False,False,False,False,False,True,False,True,False,False,2
2058,TLRWEPPS,False,False,False,False,False,True,False,False,False,False,1
2059,LRWEPPSQ,False,False,False,False,False,True,False,False,False,False,1
2060,RWEPPSQP,False,False,False,False,False,True,False,False,False,False,1
2061,WEPPSQPT,False,False,False,False,False,True,False,False,False,False,1
2062,EPPSQPTI,False,False,False,False,False,True,False,False,False,False,1
2063,PPSQPTIP,False,False,False,False,False,True,False,False,False,False,1
2064,PSQPTIPI,False,False,False,False,False,True,False,False,False,False,1
2065,SQPTIPIM,False,False,False,True,False,True,False,False,False,False,2
2066,QPTIPIMG,False,False,False,True,False,True,False,False,False,False,2
2067,PTIPIMGI,False,False,False,True,False,True,False,False,False,False,2
2068,TIPIMGIV,False,False,False,True,False,True,False,False,False,False,2
2069,IPIMGIVA,False,False,False,True,False,True,False,False,False,False,2
2070,PIMGIVAI,False,False,False,False,False,True,False,False,False,False,1
2071,IMGIVAIL,False,False,False,False,False,True,False,False,False,False,1
2072,MGIVAILA,False,False,False,False,False,True,False,False,False,False,1
2073,GIVAILAI,False,False,False,False,False,True,False,False,False,False,1
2074,IVAILAIL,False,False,False,False,False,True,False,False,False,False,1
2075,VAILAILG,False,False,False,False,False,True,False,False,False,False,1
2076,AILAILGV,False,False,False,False,False,True,False,False,False,False,1
2077,ILAILGVV,False,True,False,False,False,True,False,False,False,False,2
2078,LAILGVVV,False,False,False,False,False,True,False,False,False,False,1
2079,AILGVVVT,False,False,False,False,False,True,False,False,False,False,1
2080,ILGVVVTG,False,False,False,False,False,True,False,False,False,False,1
2081,LGVVVTGA,False,False,False,False,False,True,False,False,False,False,1
2082,GVVVTGAV,False,False,False,False,False,True,False,False,False,False,1
2083,VVVTGAVV,False,False,False,False,False,True,False,True,False,False,2
2084,VVTGAVVA,False,False,False,True,False,True,False,False,False,False,2
2085,VTGAVVAA,False,False,False,True,False,True,False,False,False,False,2
2086,VAAVMWRK,False,False,False,True,False,True,False,False,False,False,2
2087,AAVMWRKK,False,False,False,True,False,True,False,False,False,False,2
2088,AVMWRKKS,False,False,False,True,False,True,False,False,False,False,2
2089,VMWRKKSS,False,False,False,True,False,True,False,False,False,False,2
2090,MWRKKSSD,False,False,False,True,False,True,False,False,False,False,2
2091,WRKKSSDK,False,False,False,False,False,True,False,False,False,False,1
2092,RKKSSDKK,False,False,False,False,False,True,False,False,False,False,1
2093,KKSSDKKG,False,False,False,False,False,True,False,False,False,False,1
2094,KSSDKKGG,False,False,False,False,False,True,False,False,False,False,1
2095,SSDKKGGS,False,False,False,False,False,True,False,False,False,False,1
2096,SDKKGGSY,False,False,False,False,False,True,False,False,False,False,1
2097,DKKGGSYS,False,False,False,False,False,True,False,False,False,False,1
2098,KKGGSYSQ,False,False,False,False,False,True,False,False,False,False,1
2099,GSYSQAAR,False,False,False,False,False,True,False,False,False,False,1
2100,SYSQAARS,False,False,False,False,False,True,False,False,False,False,1
2101,YSQAARSD,False,False,False,False,False,True,False,False,False,False,1
2102,SQAARSDS,False,False,False,False,False,True,False,False,False,False,1
2103,QAARSDSA,False,False,False,False,False,True,False,False,False,False,1
2104,AARSDSAQ,False,False,False,False,False,True,False,False,False,False,1
2105,ARSDSAQG,False,False,False,False,False,True,False,False,False,False,1
2106,RSDSAQGS,False,False,False,False,False,True,False,False,False,False,1
2107,RTLLLLLL,False,False,False,False,False,True,True,True,False,False,3
2108,TLLLLLLG,False,True,False,True,False,True,False,True,False,False,4
2109,LLLLLLGA,False,False,False,True,False,True,True,True,True,False,5
2110,LLLLLGAL,False,True,False,True,False,True,False,True,True,False,5
2111,LLLLGALA,False,True,True,False,False,True,False,False,True,False,4
2112,LLLGALAL,False,True,False,True,False,True,False,False,False,False,3
2113,LLGALALT,False,False,False,True,False,True,False,False,False,False,2
2114,LGALALTQ,False,True,False,False,False,True,False,False,False,False,2
2115,APWIEQEE,False,False,False,False,False,True,False,False,False,False,1
2116,PWIEQEEP,False,False,False,False,False,True,False,False,False,False,1
2117,WIEQEEPE,False,False,False,False,False,True,False,False,False,False,1
2118,IEQEEPEY,False,False,False,False,False,True,False,False,False,False,1
2119,EQEEPEYW,False,False,False,False,False,True,False,False,False,False,1
2120,QEEPEYWD,False,False,False,False,False,True,False,False,False,False,1
2121,EEPEYWDG,False,False,False,False,False,True,False,False,False,False,1
2122,EPEYWDGE,False,False,False,False,False,True,False,False,False,False,1
2123,PEYWDGET,False,False,False,False,False,True,False,False,False,False,1
2124,EYWDGETR,False,False,False,False,False,True,False,False,False,False,1
2125,YWDGETRK,False,False,False,False,False,True,False,False,False,False,1
2126,WDGETRKV,False,False,False,False,False,True,False,False,False,False,1
2127,DGETRKVK,False,False,False,False,False,True,False,False,False,False,1
2128,GETRKVKA,False,False,False,False,False,True,False,False,False,False,1
2129,ETRKVKAH,False,False,False,False,False,True,False,False,False,False,1
2130,TRKVKAHS,False,False,False,False,False,True,False,False,False,False,1
2131,RKVKAHSQ,False,False,False,False,False,True,False,False,False,False,1
2132,KVKAHSQT,False,False,False,False,False,True,False,False,False,False,1
2133,HSQTDRVN,False,False,False,False,False,True,False,False,False,False,1
2134,SQTDRVNL,False,False,False,False,False,True,False,False,False,False,1
2135,QTDRVNLG,False,False,False,False,False,True,False,False,False,False,1
2136,TDRVNLGT,False,False,False,False,False,True,False,False,False,False,1
2137,DRVNLGTL,False,False,False,False,False,True,False,False,False,False,1
2138,RVNLGTLR,False,False,False,False,False,True,False,False,False,False,1
2139,VNLGTLRG,False,False,False,False,False,True,False,False,False,False,1
2140,NLGTLRGY,False,False,False,False,False,True,False,False,False,False,1
2141,AGSHTIQK,False,False,False,False,False,True,False,False,False,False,1
2142,GSHTIQKM,False,False,False,False,False,True,False,False,False,False,1
2143,SHTIQKMY,False,False,False,False,False,True,False,False,False,False,1
2144,HTIQKMYG,False,False,False,False,False,True,False,False,False,False,1
2145,TIQKMYGC,False,False,False,False,False,True,False,False,False,False,1
2146,IQKMYGCD,False,False,False,False,False,True,False,False,False,False,1
2147,QKMYGCDV,False,False,False,False,False,True,False,False,False,False,1
2148,KMYGCDVG,False,False,False,False,False,True,False,False,False,False,1
2149,LRAYLEGE,False,False,False,False,False,True,False,False,False,False,1
2150,RAYLEGEC,False,False,False,True,False,True,False,True,False,False,3
2151,AYLEGECV,False,False,False,True,False,True,False,True,False,False,3
2152,YLEGECVE,False,False,False,True,False,True,False,True,False,False,3
2153,LEGECVEW,False,False,False,True,False,True,False,True,False,False,3
2154,EGECVEWL,False,False,False,True,False,True,False,True,False,False,3
2155,GECVEWLR,False,False,False,True,False,True,False,True,False,False,3
2156,ECVEWLRR,False,False,False,True,False,True,False,True,False,False,3
2157,TCHVQHES,False,False,False,False,False,True,False,False,False,False,1
2158,CHVQHESL,False,False,False,False,False,True,False,False,False,False,1
2159,HVQHESLP,False,False,False,False,False,True,False,False,False,False,1
2160,VQHESLPK,False,False,False,False,False,True,False,False,False,False,1
2161,QHESLPKP,False,False,False,False,False,True,False,False,False,False,1
2162,HESLPKPL,False,False,False,False,False,True,False,False,False,False,1
2163,ESLPKPLT,False,False,False,False,False,True,False,False,False,False,1
2164,SLPKPLTL,False,False,False,False,False,True,False,False,False,False,1
2165,AVIAGAVI,False,False,False,False,False,True,False,False,False,False,1
2166,VIAGAVIA,False,False,False,False,False,True,False,False,False,False,1
2167,IAGAVIAA,False,False,False,False,False,True,False,False,False,False,1
2168,AGAVIAAV,False,False,False,False,False,True,False,False,False,False,1
2169,GAVIAAVR,False,False,False,False,False,True,False,False,False,False,1
2170,AVIAAVRW,False,False,False,False,False,True,False,False,False,False,1
2171,VIAAVRWR,False,False,False,False,False,True,False,False,False,False,1
2172,IAAVRWRR,False,False,False,False,False,True,False,False,False,False,1
2173,MQVTAPRT,False,False,False,False,False,True,False,False,False,False,1
2174,QVTAPRTV,False,False,False,False,False,True,False,False,False,False,1
2175,VTAPRTVL,False,False,False,False,False,True,False,False,False,False,1
2176,TAPRTVLL,False,False,False,False,False,True,False,False,False,False,1
2177,APRTVLLL,False,False,False,True,False,True,False,False,False,False,2
2178,PRTVLLLL,False,False,False,True,False,True,False,False,False,False,2
2179,RTVLLLLS,False,False,False,True,False,True,True,False,False,False,3
2180,TVLLLLSA,False,False,False,True,False,True,False,True,False,False,3
2181,VLLLLSAA,False,True,False,True,False,True,False,True,False,False,4
2182,LLLLSAAL,False,False,False,True,False,True,False,True,False,False,3
2183,LLLSAALA,False,True,False,True,False,True,False,False,False,False,3
2184,LLSAALAL,False,False,False,True,False,True,False,False,False,False,2
2185,LSAALALT,False,False,False,True,False,True,False,False,False,False,2
2186,SAALALTE,False,False,False,True,False,True,False,False,False,False,2
2187,AALALTET,False,False,False,True,False,True,False,False,False,False,2
2188,ALALTETW,False,False,False,True,False,True,False,False,False,False,2
2189,LALTETWA,False,False,False,True,False,True,False,False,False,False,2
2190,ALTETWAG,False,False,False,True,False,True,False,False,False,False,2
2191,WAGSHSMK,False,False,False,False,False,True,False,False,False,False,1
2192,AGSHSMKY,False,False,False,False,False,True,False,False,False,False,1
2193,GSHSMKYF,False,False,False,False,False,True,False,False,False,False,1
2194,SHSMKYFY,False,False,False,False,False,True,False,False,False,False,1
2195,HSMKYFYT,False,False,False,False,False,True,False,False,False,False,1
2196,SMKYFYTA,False,False,False,False,False,True,False,False,False,False,1
2197,MKYFYTAV,False,False,False,False,False,True,False,False,False,False,1
2198,KYFYTAVS,False,False,False,False,False,True,False,False,False,False,1
2199,YFYTAVSR,False,False,False,False,False,True,False,True,False,False,2
2200,FYTAVSRP,False,False,False,False,False,True,False,True,False,False,2
2201,YTAVSRPG,False,False,False,False,False,True,False,True,False,False,2
2202,TAVSRPGR,False,False,False,True,False,True,False,False,False,False,2
2203,AVSRPGRG,False,False,False,True,False,True,False,False,False,False,2
2204,RGEPRFIS,False,False,False,True,False,True,False,False,False,False,2
2205,GEPRFISV,False,False,False,True,False,True,False,True,False,False,3
2206,EPRFISVG,False,False,False,True,False,True,False,True,False,False,3
2207,PRFISVGY,False,False,False,True,False,True,False,True,False,False,3
2208,RFISVGYV,False,False,False,True,False,True,False,True,False,False,3
2209,FISVGYVD,False,False,False,True,False,True,False,True,False,False,3
2210,VDDTQFVW,False,False,False,False,False,True,False,False,False,False,1
2211,DDTQFVWF,False,False,False,False,False,True,False,False,False,False,1
2212,DTQFVWFD,False,False,False,False,False,True,False,False,False,False,1
2213,TQFVWFDS,False,False,False,False,False,True,False,False,False,False,1
2214,QFVWFDSD,False,False,False,False,False,True,False,False,False,False,1
2215,FVWFDSDA,False,False,False,False,False,True,False,False,False,False,1
2216,VWFDSDAA,False,False,False,False,False,True,False,False,False,False,1
2217,WFDSDAAS,False,False,False,False,False,True,False,False,False,False,1
2218,SDAASPRE,False,False,False,True,False,True,False,False,False,False,2
2219,DAASPREE,False,False,False,True,False,True,False,False,False,False,2
2220,AASPREEP,False,False,False,True,False,True,False,False,False,False,2
2221,ASPREEPR,False,False,False,True,False,True,False,False,False,False,2
2222,SPREEPRA,False,False,False,True,False,True,False,False,False,False,2
2223,PREEPRAP,False,False,False,True,False,True,False,False,False,False,2
2224,REEPRAPW,False,False,False,True,False,True,False,False,False,False,2
2225,EEPRAPWI,False,False,False,True,False,True,False,False,False,False,2
2226,EYWDRETQ,False,False,False,True,False,True,False,False,False,False,2
2227,YWDRETQI,False,False,False,False,False,True,False,False,False,False,1
2228,WDRETQIS,False,False,False,False,False,True,False,False,False,False,1
2229,DRETQISK,False,False,False,False,False,True,False,False,False,False,1
2230,RETQISKT,False,False,False,False,False,True,False,False,False,False,1
2231,ETQISKTN,False,False,False,False,False,True,False,False,False,False,1
2232,TQISKTNA,False,False,False,False,False,True,False,False,False,False,1
2233,QISKTNAQ,False,False,False,False,False,True,False,False,False,False,1
2234,ISKTNAQT,False,False,False,False,False,True,False,False,False,False,1
2235,SKTNAQTY,False,False,False,False,False,True,False,False,False,False,1
2236,KTNAQTYR,False,False,False,False,False,True,False,False,False,False,1
2237,TNAQTYRE,False,False,False,False,False,True,False,False,False,False,1
2238,NAQTYRES,False,False,False,False,False,True,False,False,False,False,1
2239,AQTYRESL,False,False,False,False,False,True,False,False,False,False,1
2240,QTYRESLR,False,False,False,False,False,True,False,False,False,False,1
2241,TYRESLRN,False,False,False,False,False,True,False,False,False,False,1
2242,YRESLRNL,False,False,False,False,False,True,False,False,False,False,1
2243,RESLRNLR,False,False,False,True,False,True,False,False,False,False,2
2244,ESLRNLRG,False,False,False,True,False,True,False,False,False,False,2
2245,SLRNLRGY,False,False,False,True,False,True,False,False,False,False,2
2246,LRNLRGYY,False,False,False,True,False,True,False,False,False,False,2
2247,RNLRGYYN,False,False,False,True,False,True,False,False,False,False,2
2248,NLRGYYNQ,False,False,False,True,False,True,False,False,False,False,2
2249,QSEAGSHI,False,False,False,False,False,True,False,False,False,False,1
2250,SEAGSHII,False,False,False,False,False,True,False,False,False,False,1
2251,EAGSHIIQ,False,False,False,False,False,True,False,False,False,False,1
2252,AGSHIIQR,False,False,False,False,False,True,False,False,False,False,1
2253,GSHIIQRM,False,False,False,False,False,True,False,False,False,False,1
2254,SHIIQRMY,False,False,False,False,False,True,False,False,False,False,1
2255,HIIQRMYG,False,False,False,False,False,True,False,False,False,False,1
2256,IIQRMYGC,False,False,False,False,False,True,False,False,False,False,1
2257,QRMYGCDM,False,False,False,False,False,True,False,False,False,False,1
2258,RMYGCDMG,False,False,False,False,False,True,False,False,False,False,1
2259,MYGCDMGP,False,False,False,False,False,True,False,False,False,False,1
2260,YGCDMGPD,False,False,False,False,False,True,False,False,False,False,1
2261,GCDMGPDG,False,False,False,True,False,True,False,False,False,False,2
2262,CDMGPDGR,False,False,False,True,False,True,False,False,False,False,2
2263,DMGPDGRL,False,False,False,True,False,True,False,False,False,False,2
2264,MGPDGRLL,False,False,False,True,False,True,False,False,False,False,2
2265,GRLLRGYE,False,False,False,True,False,True,False,True,False,False,3
2266,RLLRGYEQ,False,False,False,True,False,True,False,True,False,False,3
2267,LLRGYEQY,False,False,False,True,False,True,False,True,False,False,3
2268,LRGYEQYA,False,False,False,True,False,True,False,True,False,False,3
2269,RGYEQYAY,False,False,False,True,False,True,False,True,False,False,3
2270,GYEQYAYD,False,False,False,True,False,True,False,True,False,False,3
2271,YEQYAYDG,False,False,False,True,False,True,False,True,False,False,3
2272,EQYAYDGK,False,False,False,True,False,True,False,False,False,False,2
2273,QYAYDGKD,False,False,False,True,False,True,False,False,False,False,2
2274,YAYDGKDY,False,False,False,True,False,True,False,False,False,False,2
2275,KDYIALNQ,False,False,False,False,False,True,False,False,False,False,1
2276,DYIALNQD,False,False,False,False,False,True,False,False,False,False,1
2277,YIALNQDL,False,False,False,False,False,True,False,False,False,False,1
2278,IALNQDLS,False,False,False,False,False,True,False,False,False,False,1
2279,ALNQDLSS,False,False,False,False,False,True,False,False,False,False,1
2280,LNQDLSSW,False,False,False,False,False,True,False,False,False,False,1
2281,NQDLSSWT,False,False,False,False,False,True,False,False,False,False,1
2282,QDLSSWTA,False,False,False,False,False,True,False,False,False,False,1
2283,DLSSWTAA,False,False,False,False,False,True,False,False,False,False,1
2284,LSSWTAAD,False,False,False,False,False,True,False,False,False,False,1
2285,SSWTAADT,False,False,False,False,False,True,False,False,False,False,1
2286,SWTAADTA,False,False,False,True,False,True,False,False,False,False,2
2287,WTAADTAA,False,False,False,True,False,True,False,True,False,False,3
2288,TAADTAAQ,False,False,False,True,False,True,False,False,False,False,2
2289,AADTAAQI,False,False,False,True,False,True,False,False,False,False,2
2290,ADTAAQIT,False,False,False,True,False,True,False,False,False,False,2
2291,DTAAQITQ,False,False,False,True,False,True,False,False,False,False,2
2292,TAAQITQR,False,False,False,True,False,True,False,False,False,False,2
2293,QRKWEAAR,False,False,False,True,False,True,False,False,False,False,2
2294,RKWEAARW,False,False,False,False,False,True,False,False,False,False,1
2295,KWEAARWA,False,False,False,False,False,True,False,False,False,False,1
2296,WEAARWAE,False,False,False,False,False,True,False,False,False,False,1
2297,EAARWAEQ,False,False,False,False,False,True,False,False,False,False,1
2298,AARWAEQL,False,False,False,False,False,True,False,False,False,False,1
2299,ARWAEQLR,False,False,False,False,False,True,False,False,False,False,1
2300,RWAEQLRA,False,False,False,False,False,True,False,False,False,False,1
2301,WAEQLRAY,False,False,False,False,False,True,False,False,False,False,1
2302,KETLQRAD,False,False,False,True,False,True,False,False,False,False,2
2303,ETLQRADP,False,False,False,True,False,True,False,False,False,False,2
2304,TLQRADPP,False,False,False,True,False,True,False,False,False,False,2
2305,LQRADPPK,False,False,False,True,False,True,False,False,False,False,2
2306,QRADPPKT,False,False,False,True,False,True,False,False,False,False,2
2307,RADPPKTH,False,False,False,True,False,True,False,False,False,False,2
2308,ADPPKTHV,False,False,False,True,False,True,False,False,False,False,2
2309,DPPKTHVT,False,False,False,True,False,True,False,True,False,False,3
2310,THVTHHPI,False,False,False,True,False,True,False,False,False,False,2
2311,HVTHHPIS,False,False,False,True,False,True,False,False,False,False,2
2312,VTHHPISD,False,False,False,True,False,True,False,False,False,False,2
2313,ETRPAGDR,False,False,False,True,False,True,False,False,False,False,2
2314,TRPAGDRT,False,False,False,True,False,True,False,False,False,False,2
2315,RPAGDRTF,False,False,False,True,False,True,False,False,False,False,2
2316,PAGDRTFQ,False,False,False,True,False,True,False,False,False,False,2
2317,AGDRTFQK,False,False,False,True,False,True,False,False,False,False,2
2318,GDRTFQKW,False,False,False,True,False,True,False,False,False,False,2
2319,DRTFQKWA,False,False,False,True,False,True,False,False,False,False,2
2320,RTFQKWAA,False,False,False,True,False,True,False,False,False,False,2
2321,RWEPSSQS,False,False,False,True,False,True,False,False,False,False,2
2322,WEPSSQST,False,False,False,True,False,True,False,False,False,False,2
2323,EPSSQSTI,False,False,False,False,False,True,False,False,False,False,1
2324,PSSQSTIP,False,False,False,False,False,True,False,False,False,False,1
2325,SSQSTIPI,False,False,False,False,False,True,False,False,False,False,1
2326,SQSTIPIV,False,False,False,False,False,True,False,False,False,False,1
2327,QSTIPIVG,False,False,False,False,False,True,False,False,False,False,1
2328,STIPIVGI,False,False,False,False,False,True,False,False,False,False,1
2329,TIPIVGIV,False,False,False,True,False,True,False,False,False,False,2
2330,IPIVGIVA,False,False,True,True,False,True,False,False,False,False,3
2331,PIVGIVAG,False,False,False,True,False,True,False,False,False,False,2
2332,IVGIVAGL,False,False,False,True,False,True,False,False,False,False,2
2333,VGIVAGLA,False,False,False,True,False,True,False,False,False,False,2
2334,GIVAGLAV,False,False,False,True,False,True,False,False,False,False,2
2335,IVAGLAVL,False,False,False,True,False,True,False,False,False,False,2
2336,VAGLAVLA,False,False,False,True,False,True,False,False,False,False,2
2337,AGLAVLAV,False,True,False,True,False,True,False,False,False,False,3
2338,GLAVLAVV,False,False,False,True,False,True,False,False,True,False,3
2339,LAVLAVVV,False,False,False,True,False,True,False,False,False,False,2
2340,AVLAVVVI,False,False,False,True,False,True,False,False,False,False,2
2341,VLAVVVIG,False,False,False,True,False,True,True,False,False,False,3
2342,LAVVVIGA,False,False,False,True,False,True,True,False,False,False,3
2343,AVVVIGAV,False,False,False,True,False,True,False,False,False,False,2
2344,VVVIGAVV,False,False,False,True,False,True,False,False,False,False,2
2345,VVIGAVVA,False,False,False,True,False,True,False,False,False,False,2
2346,VIGAVVAA,False,False,False,True,False,True,False,False,False,False,2
2347,IGAVVAAV,False,False,False,True,False,True,False,False,False,False,2
2348,AVVAAVMC,False,False,False,True,False,True,False,False,False,False,2
2349,VVAAVMCR,False,False,False,True,False,True,False,False,False,False,2
2350,VAAVMCRR,False,False,False,True,False,True,False,False,False,False,2
2351,AAVMCRRK,False,False,False,True,False,True,False,False,False,False,2
2352,AVMCRRKS,False,False,False,True,False,True,False,False,False,False,2
2353,VMCRRKSS,False,False,False,True,False,True,False,False,False,False,2
2354,MCRRKSSG,False,False,False,True,False,True,False,False,False,False,2
2355,CRRKSSGG,False,False,False,True,False,True,False,False,False,False,2
2356,RRKSSGGK,False,False,False,True,False,True,False,False,False,False,2
2357,RKSSGGKG,False,False,False,True,False,True,False,False,False,False,2
2358,KSSGGKGG,False,False,False,True,False,True,False,False,False,False,2
2359,SSGGKGGS,False,False,False,True,False,True,False,False,False,False,2
2360,SGGKGGSY,False,False,False,True,False,True,False,False,False,False,2
2361,GGKGGSYS,False,False,False,True,False,True,False,False,False,False,2
2362,GKGGSYSQ,False,False,False,True,False,True,False,False,False,False,2
2363,SHSMRYFY,False,False,False,True,False,True,False,False,False,False,2
2364,HSMRYFYT,False,False,False,True,False,True,False,False,False,False,2
2365,SMRYFYTS,False,False,False,True,False,True,False,False,False,False,2
2366,MRYFYTSV,False,False,False,True,False,True,False,False,False,False,2
2367,RYFYTSVS,False,False,False,True,False,True,False,False,False,False,2
2368,YFYTSVSR,False,False,False,True,False,True,False,False,False,False,2
2369,FYTSVSRP,False,False,False,True,False,True,False,False,False,False,2
2370,YTSVSRPG,False,False,False,True,False,True,False,False,False,False,2
2371,YWDGETRN,False,False,False,False,False,True,False,False,False,False,1
2372,WDGETRNM,False,False,False,False,False,True,False,False,False,False,1
2373,DGETRNMK,False,False,False,False,False,True,False,False,False,False,1
2374,GETRNMKA,False,False,False,False,False,True,False,False,False,False,1
2375,ETRNMKAR,False,False,False,False,False,True,False,False,False,False,1
2376,TRNMKARS,False,False,False,False,False,True,False,False,False,False,1
2377,RNMKARSQ,False,False,False,False,False,True,False,False,False,False,1
2378,NMKARSQT,False,False,False,False,False,True,False,False,False,False,1
2379,MKARSQTD,False,False,False,False,False,True,False,False,False,False,1
2380,KARSQTDR,False,False,False,False,False,True,False,False,False,False,1
2381,ARSQTDRV,False,False,False,False,False,True,False,False,False,False,1
2382,RSQTDRVD,False,False,False,False,False,True,False,False,False,False,1
2383,QRKWEAAH,False,False,False,False,False,True,False,False,False,False,1
2384,RKWEAAHE,False,False,False,True,False,True,False,False,False,False,2
2385,KWEAAHEA,False,False,False,True,False,True,False,False,False,False,2
2386,WEAAHEAE,False,False,False,True,False,True,False,False,False,False,2
2387,EAAHEAEQ,False,False,False,True,False,True,False,False,False,False,2
2388,AAHEAEQL,False,False,False,True,False,True,False,False,False,False,2
2389,AHEAEQLR,False,False,False,True,False,True,False,False,False,False,2
2390,HEAEQLRA,False,False,False,True,False,True,False,False,False,False,2
2391,EAEQLRAY,False,False,False,True,False,True,False,False,False,False,2
2392,NGKETLQL,False,False,False,False,False,True,False,False,False,False,1
2393,GKETLQLT,False,True,False,False,False,True,False,False,False,False,2
2394,KETLQLTD,False,False,False,False,False,True,False,False,False,False,1
2395,ETLQLTDA,False,False,False,False,False,True,False,False,False,False,1
2396,TLQLTDAP,False,False,False,False,False,True,False,False,False,False,1
2397,LQLTDAPK,False,False,False,False,False,True,False,False,False,False,1
2398,QLTDAPKT,False,False,False,False,False,True,False,False,False,False,1
2399,LTDAPKTH,False,False,False,False,False,True,False,False,False,False,1
2400,PVSDHEAI,False,False,False,False,False,True,False,False,False,False,1
2401,EGPEYWDQ,False,False,False,True,False,True,False,False,False,False,2
2402,GPEYWDQE,False,False,False,True,False,True,False,False,False,False,2
2403,PEYWDQET,False,False,False,True,False,True,False,False,False,False,2
2404,EYWDQETR,False,False,False,True,False,True,False,False,False,False,2
2405,YWDQETRN,False,False,False,True,False,True,False,False,False,False,2
2406,WDQETRNM,False,False,False,False,False,True,False,False,False,False,1
2407,DQETRNMK,False,False,False,False,False,True,False,False,False,False,1
2408,QETRNMKA,False,False,False,False,False,True,False,False,False,False,1
2409,ETRNMKAS,False,False,False,False,False,True,False,False,False,False,1
2410,TRNMKASA,False,False,False,False,False,True,False,False,False,False,1
2411,RNMKASAQ,False,False,False,False,False,True,False,False,False,False,1
2412,NMKASAQT,False,False,False,False,False,True,False,False,False,False,1
2413,MKASAQTD,False,False,False,False,False,True,False,False,False,False,1
2414,KASAQTDR,False,False,False,False,False,True,False,False,False,False,1
2415,ASAQTDRV,False,False,False,False,False,True,False,False,False,False,1
2416,SAQTDRVD,False,False,False,False,False,True,False,False,False,False,1
2417,AQTDRVDL,False,False,False,False,False,True,False,False,False,False,1
2418,LRSWTAAA,False,False,False,False,False,True,False,False,False,False,1
2419,RSWTAAAM,False,False,False,False,False,True,False,False,False,False,1
2420,SWTAAAMA,False,False,False,False,False,True,False,False,False,False,1
2421,WTAAAMAA,False,False,False,False,False,True,False,False,False,False,1
2422,TAAAMAAQ,False,False,False,False,False,True,False,False,False,False,1
2423,AAAMAAQI,False,False,False,False,False,True,False,False,False,False,1
2424,AAMAAQIT,False,False,False,False,False,True,False,False,False,False,1
2425,AMAAQITK,False,False,False,False,False,True,False,False,False,False,1
2426,AAHAAEQL,False,True,False,False,False,True,False,False,False,False,2
2427,AHAAEQLR,False,False,False,False,False,True,False,False,False,False,1
2428,HAAEQLRA,False,False,False,False,False,True,False,False,False,False,1
2429,AAEQLRAY,False,False,False,True,False,True,False,False,False,False,2
2430,LRAYLEGR,False,False,False,False,False,True,False,False,False,False,1
2431,RAYLEGRC,False,False,False,False,False,True,False,False,False,False,1
2432,AYLEGRCV,False,False,False,False,False,True,False,False,False,False,1
2433,YLEGRCVE,False,False,False,False,False,True,False,False,False,False,1
2434,LEGRCVEW,False,False,False,False,False,True,False,False,False,False,1
2435,EGRCVEWL,False,False,False,False,False,True,False,False,False,False,1
2436,GRCVEWLR,False,False,False,False,False,True,False,False,False,False,1
2437,RCVEWLRR,False,False,False,False,False,True,False,False,False,False,1
2438,ALGFYPAV,False,False,False,False,False,True,False,False,False,False,1
2439,LGFYPAVI,False,False,False,False,False,True,False,False,False,False,1
2440,GFYPAVIT,False,False,False,False,False,True,False,False,False,False,1
2441,FYPAVITL,False,False,False,False,False,True,False,False,False,False,1
2442,YPAVITLT,False,False,False,False,False,True,False,False,False,False,1
2443,PAVITLTW,False,False,False,False,False,True,False,False,False,False,1
2444,AVITLTWQ,False,False,False,False,False,True,False,False,False,False,1
2445,VITLTWQR,False,False,False,False,False,True,False,False,False,False,1
2446,MAVVAPRT,False,False,False,False,False,True,False,False,False,False,1
2447,AVVAPRTL,False,False,False,False,False,True,False,False,False,False,1
2448,VVAPRTLL,False,False,False,False,False,True,False,False,False,False,1
2449,VAPRTLLL,False,False,False,False,False,True,False,False,False,False,1
2450,APWMEQEE,False,False,False,False,False,True,False,False,False,False,1
2451,PWMEQEEP,False,False,False,False,False,True,False,False,False,False,1
2452,WMEQEEPE,False,False,False,False,False,True,False,False,False,False,1
2453,MEQEEPEY,False,False,False,False,False,True,False,False,False,False,1
2454,EEPEYWDR,False,False,False,False,False,True,False,False,False,False,1
2455,EPEYWDRQ,False,False,False,False,False,True,False,False,False,False,1
2456,PEYWDRQT,False,False,False,False,False,True,False,False,False,False,1
2457,EYWDRQTQ,False,False,False,False,False,True,False,False,False,False,1
2458,YWDRQTQI,False,False,False,False,False,True,False,False,False,False,1
2459,WDRQTQIS,False,False,False,False,False,True,False,False,False,False,1
2460,DRQTQISK,False,False,False,False,False,True,False,False,False,False,1
2461,RQTQISKT,False,False,False,False,False,True,False,False,False,False,1
2462,QTQISKTN,False,False,False,False,False,True,False,False,False,False,1
2463,ISKTNAQI,False,False,False,False,False,True,False,False,False,False,1
2464,SKTNAQIE,False,False,False,False,False,True,False,False,False,False,1
2465,KTNAQIEL,False,False,False,False,False,True,False,False,False,False,1
2466,TNAQIELE,False,False,False,False,False,True,False,False,False,False,1
2467,NAQIELES,False,False,False,False,False,True,False,False,False,False,1
2468,AQIELESL,False,False,False,False,False,True,False,False,False,False,1
2469,QIELESLR,False,False,True,False,False,True,False,False,False,False,2
2470,IELESLRI,False,False,False,False,False,True,False,False,False,False,1
2471,ELESLRIA,False,False,False,False,False,True,False,False,False,False,1
2472,LESLRIAL,False,False,False,False,False,True,False,False,False,False,1
2473,ESLRIALR,False,False,False,False,False,True,False,False,False,False,1
2474,SLRIALRY,False,False,False,False,False,True,False,False,False,False,1
2475,LRIALRYY,False,False,False,True,False,True,False,False,False,False,2
2476,RIALRYYN,False,False,False,True,False,True,False,False,False,False,2
2477,IALRYYNQ,False,False,False,True,False,True,False,False,False,False,2
2478,ALRYYNQS,False,False,False,True,False,True,False,True,False,False,3
2479,LRYYNQSE,False,False,False,True,False,True,False,True,False,False,3
2480,RYYNQSED,False,False,False,False,False,True,False,False,False,False,1
2481,DGKDYIAS,False,False,False,False,False,True,False,True,False,False,2
2482,GKDYIASN,False,False,False,False,False,True,False,False,False,False,1
2483,KDYIASNE,False,False,False,False,False,True,False,False,False,False,1
2484,DYIASNED,False,False,False,False,False,True,False,False,False,False,1
2485,YIASNEDL,False,False,False,False,False,True,False,False,False,False,1
2486,IASNEDLR,False,False,False,False,False,True,False,False,False,False,1
2487,ASNEDLRS,False,False,False,False,False,True,False,False,False,False,1
2488,SNEDLRSW,False,False,False,False,False,True,False,False,False,False,1
2489,TDAPKTHT,False,False,False,False,False,True,False,False,False,False,1
2490,DAPKTHTT,False,False,False,False,False,True,False,False,False,False,1
2491,APKTHTTH,False,False,False,False,False,True,False,False,False,False,1
2492,PKTHTTHQ,False,False,False,False,False,True,False,False,False,False,1
2493,KTHTTHQA,False,False,False,False,False,True,False,False,False,False,1
2494,THTTHQAV,False,False,False,False,False,True,False,False,False,False,1
2495,HTTHQAVS,False,False,False,False,False,True,False,False,False,False,1
2496,TTHQAVSD,False,False,False,False,False,True,False,False,False,False,1
2497,THQAVSDH,False,False,False,False,False,True,False,False,False,False,1
2498,HQAVSDHE,False,False,False,False,False,True,False,False,False,False,1
2499,QAVSDHEA,False,False,False,False,False,True,False,False,False,False,1
2500,AVSDHEAT,False,False,False,False,False,True,False,False,False,False,1
2501,SDHEATLK,False,False,False,False,False,True,False,False,False,False,1
2502,DHEATLKC,False,False,False,False,False,True,False,False,False,False,1
2503,HEATLKCW,False,False,False,False,False,True,False,False,False,False,1
2504,EATLKCWA,False,False,False,False,False,True,False,False,False,False,1
2505,ATLKCWAL,False,False,False,False,False,True,False,False,False,False,1
2506,TLKCWALS,False,False,False,False,False,True,False,False,False,False,1
2507,LKCWALSF,False,False,False,False,False,True,False,False,False,False,1
2508,KCWALSFY,False,False,False,False,False,True,False,False,False,False,1
2509,WDEETRSV,False,False,False,False,False,True,False,False,False,False,1
2510,DEETRSVK,False,False,False,False,False,True,False,False,False,False,1
2511,EETRSVKA,False,False,False,False,False,True,False,False,False,False,1
2512,ETRSVKAS,False,False,False,False,False,True,False,False,False,False,1
2513,TRSVKASA,False,False,False,False,False,True,False,False,False,False,1
2514,RSVKASAQ,False,False,False,False,False,True,False,False,False,False,1
2515,SVKASAQT,False,False,False,False,False,True,False,False,False,False,1
2516,VKASAQTD,False,False,False,False,False,True,False,False,False,False,1
2517,DGSHTIQL,False,False,False,False,False,True,False,False,False,False,1
2518,GSHTIQLM,False,False,False,False,False,True,False,False,False,False,1
2519,SHTIQLMF,False,False,False,False,False,True,False,False,False,False,1
2520,HTIQLMFG,False,False,False,False,False,True,False,False,False,False,1
2521,TIQLMFGC,False,False,False,False,False,True,False,False,False,False,1
2522,IQLMFGCD,False,False,False,False,False,True,False,False,False,False,1
2523,QLMFGCDV,False,False,False,False,False,True,False,False,False,False,1
2524,LMFGCDVG,False,False,False,False,False,True,False,False,False,False,1
2525,MFGCDVGS,False,False,False,False,False,True,False,True,False,False,2
2526,FGCDVGSD,False,False,False,False,False,True,False,True,False,False,2
2527,THHPISDR,False,False,False,False,False,True,False,False,False,False,1
2528,HHPISDRE,False,False,False,False,False,True,False,False,False,False,1
2529,HPISDREA,False,False,False,False,False,True,False,False,False,False,1
2530,PISDREAT,False,False,False,False,False,True,False,False,False,False,1
2531,ISDREATL,False,False,False,False,False,True,False,False,False,False,1
2532,SDREATLR,False,False,False,False,False,True,False,False,False,False,1
2533,DREATLRC,False,False,False,False,False,True,False,False,False,False,1
2534,REATLRCW,False,False,False,False,False,True,False,False,False,False,1
2535,MFTLPQKE,False,False,False,False,False,True,False,False,False,False,1
2536,FTLPQKEF,False,False,False,False,False,True,False,False,False,False,1
2537,TLPQKEFR,False,False,False,False,False,True,False,False,False,False,1
2538,LPQKEFRM,False,False,False,False,False,True,False,False,False,False,1
2539,PQKEFRMT,False,False,False,False,False,True,False,False,False,False,1
2540,QKEFRMTT,False,False,False,False,False,True,False,False,False,False,1
2541,KEFRMTTA,False,False,False,False,False,True,False,False,False,False,1
2542,EFRMTTAC,False,False,False,False,False,True,False,False,False,False,1
2543,FRMTTACP,False,False,False,False,False,True,False,False,False,False,1
2544,RMTTACPG,False,False,False,False,False,True,False,False,False,False,1
2545,MTTACPGS,False,False,False,False,False,True,False,False,False,False,1
2546,TTACPGSD,False,False,False,False,False,True,False,False,False,False,1
2547,TACPGSDS,False,False,False,False,False,True,False,False,False,False,1
2548,ACPGSDSI,False,False,False,False,False,True,False,False,False,False,1
2549,CPGSDSIQ,False,False,False,False,False,True,False,False,False,False,1
2550,PGSDSIQD,False,False,False,False,False,True,False,False,False,False,1
2551,GSDSIQDL,False,False,False,False,False,True,False,False,False,False,1
2552,SDSIQDLP,False,False,False,False,False,True,False,False,False,False,1
2553,DSIQDLPS,False,False,False,False,False,True,False,False,False,False,1
2554,SIQDLPSN,False,False,False,False,False,True,False,False,False,False,1
2555,IQDLPSNK,False,False,False,False,False,True,False,False,False,False,1
2556,QDLPSNKG,False,False,False,False,False,True,False,False,False,False,1
2557,DLPSNKGD,False,False,False,False,False,True,False,False,False,False,1
2558,LPSNKGDG,False,False,False,False,False,True,False,False,False,False,1
2559,PSNKGDGL,False,False,False,False,False,True,False,False,False,False,1
2560,SNKGDGLE,False,False,False,False,False,True,False,False,False,False,1
2561,NKGDGLER,False,False,False,False,False,True,False,False,False,False,1
2562,KGDGLERE,False,False,False,False,False,True,False,False,False,False,1
2563,GDGLEREC,False,False,False,False,False,True,False,False,False,False,1
2564,DGLERECS,False,False,False,False,False,True,False,False,False,False,1
2565,GLERECSR,False,False,False,False,False,True,False,False,False,False,1
2566,LERECSRK,False,False,False,False,False,True,False,False,False,False,1
2567,ERECSRKP,False,False,False,False,False,True,False,False,False,False,1
2568,RECSRKPD,False,False,False,False,False,True,False,False,False,False,1
2569,ECSRKPDQ,False,False,False,False,False,True,False,False,False,False,1
2570,CSRKPDQK,False,False,False,False,False,True,False,False,False,False,1
2571,SRKPDQKL,False,False,False,False,False,True,False,False,False,False,1
2572,RKPDQKLL,False,False,False,False,False,True,False,False,False,False,1
2573,KPDQKLLK,False,False,False,False,False,True,False,False,False,False,1
2574,PDQKLLKF,False,False,False,False,False,True,False,False,False,False,1
2575,DQKLLKFY,False,False,False,False,False,True,False,False,False,False,1
2576,QKLLKFYG,False,False,False,False,False,True,False,False,False,False,1
2577,KLLKFYGV,False,False,False,False,False,True,False,False,False,False,1
2578,LLKFYGVG,False,False,False,False,False,True,False,False,False,False,1
2579,LKFYGVGD,False,False,False,False,False,True,False,False,False,False,1
2580,KFYGVGDP,False,False,False,False,False,True,False,False,False,False,1
2581,FYGVGDPA,False,False,False,False,False,True,False,False,False,False,1
2582,YGVGDPAA,False,False,False,False,False,True,False,False,False,False,1
2583,GVGDPAAE,False,False,False,False,False,True,False,False,False,False,1
2584,VGDPAAEL,False,False,False,False,False,True,False,False,False,False,1
2585,GDPAAELS,False,False,False,False,False,True,False,False,False,False,1
2586,DPAAELSS,False,False,False,False,False,True,False,False,False,False,1
2587,PAAELSSS,False,False,False,False,False,True,False,False,False,False,1
2588,AAELSSSS,False,False,False,False,False,True,False,True,False,False,2
2589,AELSSSSP,False,False,False,False,False,True,False,False,False,False,1
2590,ELSSSSPY,False,False,False,False,False,True,False,False,False,False,1
2591,LSSSSPYL,False,False,False,False,False,True,False,False,False,False,1
2592,SSSSPYLS,False,False,False,False,False,True,False,False,False,False,1
2593,SSSPYLSS,False,False,False,False,False,True,False,False,False,False,1
2594,SSPYLSSR,False,False,False,False,False,True,False,False,False,False,1
2595,SPYLSSRG,False,False,False,False,False,True,False,False,False,False,1
2596,PYLSSRGS,False,False,False,False,False,True,False,False,False,False,1
2597,YLSSRGSV,False,False,False,False,False,True,False,False,False,False,1
2598,LSSRGSVI,False,False,False,False,False,True,False,False,False,False,1
2599,SSRGSVIK,False,False,False,False,False,True,False,False,False,False,1
2600,SRGSVIKW,False,False,False,False,False,True,False,False,False,False,1
2601,RGSVIKWF,False,False,False,False,False,True,False,False,False,False,1
2602,GSVIKWFW,False,False,False,False,False,True,False,False,False,False,1
2603,SVIKWFWD,False,False,False,False,False,True,False,False,False,False,1
2604,VIKWFWDS,False,False,False,False,False,True,False,True,False,False,2
2605,IKWFWDSA,False,False,False,True,False,True,False,True,False,False,3
2606,KWFWDSAE,False,False,False,True,False,True,False,True,False,False,3
2607,WFWDSAEE,False,False,False,True,False,True,False,True,False,False,3
2608,FWDSAEEG,False,False,False,True,False,True,False,True,False,False,3
2609,WDSAEEGY,False,False,False,True,False,True,False,True,False,False,3
2610,DSAEEGYR,False,False,False,True,False,True,False,True,False,False,3
2611,SAEEGYRT,False,False,False,True,False,True,False,True,False,False,3
2612,AEEGYRTY,False,False,False,True,False,True,False,True,False,False,3
2613,EEGYRTYH,False,False,False,True,False,True,False,True,False,False,3
2614,EGYRTYHM,False,False,False,True,False,True,False,True,False,False,3
2615,GYRTYHMD,False,False,False,True,False,True,False,True,False,False,3
2616,YRTYHMDE,False,False,False,True,False,True,False,True,False,False,3
2617,RTYHMDEY,False,False,False,True,False,True,False,True,False,False,3
2618,TYHMDEYD,False,False,False,True,False,True,False,True,False,False,3
2619,YHMDEYDE,False,False,False,True,False,True,False,True,False,False,3
2620,HMDEYDED,False,False,False,True,False,True,False,True,False,False,3
2621,MDEYDEDK,False,False,False,True,False,True,False,True,False,False,3
2622,DEYDEDKN,False,False,False,True,False,True,False,True,False,False,3
2623,EYDEDKNP,False,False,False,True,False,True,False,True,False,False,3
2624,YDEDKNPS,False,False,False,True,False,True,False,True,False,False,3
2625,DEDKNPSG,False,False,False,True,False,True,False,True,False,False,3
2626,EDKNPSGI,False,False,False,True,False,True,False,True,False,False,3
2627,DKNPSGII,False,False,False,True,False,True,False,True,False,False,3
2628,KNPSGIIN,False,False,False,True,False,True,False,True,False,False,3
2629,NPSGIINL,False,False,False,True,False,True,False,True,False,False,3
2630,PSGIINLG,False,False,False,True,False,True,False,True,False,False,3
2631,SGIINLGT,False,False,False,True,False,True,False,True,False,False,3
2632,GIINLGTS,False,False,False,True,False,True,False,True,True,False,4
2633,IINLGTSE,False,False,False,True,False,True,False,True,True,False,4
2634,INLGTSEN,False,False,False,True,False,True,False,True,True,False,4
2635,NLGTSENK,False,False,False,True,False,True,False,True,True,False,4
2636,LGTSENKL,False,False,False,True,False,True,False,True,True,False,4
2637,GTSENKLC,False,False,False,True,False,True,False,True,True,False,4
2638,TSENKLCF,False,False,False,True,False,True,False,True,False,False,3
2639,SENKLCFD,False,False,False,True,False,True,False,True,False,False,3
2640,ENKLCFDL,False,False,False,True,False,True,False,True,False,False,3
2641,NKLCFDLL,False,False,False,True,False,True,False,True,False,False,3
2642,KLCFDLLS,False,False,False,True,False,True,False,True,False,False,3
2643,LCFDLLSR,False,False,False,False,False,True,False,False,False,False,1
2644,CFDLLSRR,False,False,False,False,False,True,False,False,False,False,1
2645,FDLLSRRL,False,False,False,False,False,True,False,False,False,False,1
2646,DLLSRRLS,False,False,False,False,False,True,False,False,False,False,1
2647,LLSRRLSQ,False,False,False,False,False,True,False,False,False,False,1
2648,LSRRLSQS,False,False,False,False,False,True,False,False,False,False,1
2649,SRRLSQSD,False,False,False,False,False,True,False,False,False,False,1
2650,RRLSQSDM,False,False,False,False,False,True,False,False,False,False,1
2651,RLSQSDML,False,False,False,False,False,True,False,False,False,False,1
2652,LSQSDMLQ,False,False,False,False,False,True,False,False,False,False,1
2653,SQSDMLQV,False,False,False,False,False,True,False,False,False,False,1
2654,QSDMLQVE,False,False,False,False,False,True,False,False,False,False,1
2655,SDMLQVEP,False,False,False,False,False,True,False,False,False,False,1
2656,DMLQVEPA,False,False,False,False,False,True,False,False,False,False,1
2657,MLQVEPAL,False,False,False,False,False,True,False,False,False,False,1
2658,LQVEPALL,False,False,False,False,False,True,False,False,False,False,1
2659,QVEPALLQ,False,False,False,False,False,True,False,False,False,False,1
2660,VEPALLQY,False,False,False,False,False,True,False,False,False,False,1
2661,EPALLQYP,False,False,False,False,False,True,False,False,False,False,1
2662,PALLQYPD,False,False,False,False,False,True,False,False,False,False,1
2663,ALLQYPDW,False,False,False,False,False,True,False,False,False,False,1
2664,LLQYPDWR,False,False,False,True,False,True,False,True,False,False,3
2665,LQYPDWRG,False,False,False,True,False,True,False,True,False,False,3
2666,QYPDWRGH,False,False,False,False,False,True,False,True,False,False,2
2667,YPDWRGHL,False,False,False,False,False,True,False,True,False,False,2
2668,PDWRGHLF,False,False,False,False,False,True,False,True,False,False,2
2669,DWRGHLFL,False,False,False,True,False,True,False,True,False,False,3
2670,WRGHLFLR,False,False,False,True,False,True,False,True,False,False,3
2671,RGHLFLRE,False,False,False,True,False,True,False,True,False,False,3
2672,GHLFLREE,False,False,False,True,False,True,False,True,False,False,3
2673,HLFLREEV,False,False,False,True,False,True,False,True,False,False,3
2674,LFLREEVA,False,False,False,True,False,True,False,True,False,False,3
2675,FLREEVAR,False,False,False,True,False,True,False,False,False,False,2
2676,LREEVARF,False,False,False,True,False,True,False,False,False,False,2
2677,REEVARFL,False,False,False,True,False,True,False,False,False,False,2
2678,EEVARFLS,False,False,False,False,False,True,False,False,False,False,1
2679,EVARFLSF,False,False,False,False,False,True,False,False,False,False,1
2680,VARFLSFY,False,False,False,False,False,True,False,False,False,False,1
2681,ARFLSFYC,False,False,False,False,False,True,False,False,False,False,1
2682,RFLSFYCR,False,False,False,False,False,True,False,False,False,False,1
2683,FLSFYCRS,False,False,False,False,False,True,False,False,False,False,1
2684,LSFYCRSP,False,False,False,False,False,True,False,False,False,False,1
2685,SFYCRSPA,False,False,False,False,False,True,False,False,False,False,1
2686,FYCRSPAP,False,False,False,False,False,True,False,False,False,False,1
2687,YCRSPAPL,False,False,False,False,False,True,False,False,False,False,1
2688,CRSPAPLK,False,False,False,False,False,True,False,False,False,False,1
2689,RSPAPLKP,False,False,False,False,False,True,False,False,False,False,1
2690,SPAPLKPE,False,False,False,False,False,True,False,True,False,False,2
2691,PAPLKPEN,False,False,False,False,False,True,False,True,False,False,2
2692,APLKPENV,False,False,False,False,False,True,False,True,False,False,2
2693,PLKPENVV,False,False,False,False,False,True,False,True,False,False,2
2694,LKPENVVV,False,False,False,False,False,True,False,True,False,False,2
2695,KPENVVVL,False,False,False,False,False,True,False,True,False,False,2
2696,PENVVVLN,False,False,False,True,False,True,False,True,False,False,3
2697,ENVVVLNG,False,False,False,True,False,True,False,True,False,False,3
2698,NVVVLNGC,False,False,False,True,False,True,False,True,False,False,3
2699,VVVLNGCA,False,False,False,False,False,True,False,True,False,False,2
2700,VVLNGCAS,False,False,False,False,False,True,False,True,False,False,2
2701,VLNGCASL,False,False,False,False,False,True,False,True,False,False,2
2702,LNGCASLF,False,False,False,False,False,True,False,True,False,False,2
2703,NGCASLFS,False,False,False,False,False,True,False,True,True,False,3
2704,GCASLFSA,False,False,False,False,False,True,False,True,False,False,2
2705,CASLFSAL,False,False,False,False,False,True,False,True,False,False,2
2706,ASLFSALA,False,False,False,True,False,True,False,True,False,False,3
2707,SLFSALAT,False,True,False,True,False,True,False,True,False,False,4
2708,LFSALATV,False,False,False,True,False,True,False,True,False,False,3
2709,FSALATVL,False,False,False,True,False,True,False,True,False,False,3
2710,SALATVLC,False,False,False,True,False,True,False,True,False,False,3
2711,ALATVLCE,False,False,False,True,False,True,False,True,False,False,3
2712,LATVLCEA,False,False,False,True,False,True,False,True,False,False,3
2713,ATVLCEAG,False,False,False,True,False,True,False,True,False,False,3
2714,TVLCEAGE,False,False,False,True,False,True,False,True,False,False,3
2715,VLCEAGEA,False,False,False,True,False,True,False,True,False,False,3
2716,LCEAGEAF,False,False,False,True,False,True,False,False,False,False,2
2717,CEAGEAFL,False,False,False,True,False,True,False,False,False,False,2
2718,EAGEAFLI,False,False,False,True,False,True,False,False,False,False,2
2719,AGEAFLIP,False,False,False,True,False,True,False,False,False,False,2
2720,GEAFLIPA,False,False,False,False,False,True,False,False,False,False,1
2721,EAFLIPAP,False,False,False,False,False,True,False,False,False,False,1
2722,AFLIPAPY,False,False,False,False,False,True,True,False,False,False,2
2723,FLIPAPYY,False,False,False,False,False,True,True,False,False,False,2
2724,LIPAPYYG,False,False,False,False,False,True,False,False,False,False,1
2725,IPAPYYGA,False,False,False,False,False,True,False,False,False,False,1
2726,PAPYYGAI,False,False,False,False,False,True,False,False,False,False,1
2727,APYYGAIT,False,False,False,False,False,True,False,False,False,False,1
2728,PYYGAITQ,False,False,False,True,False,True,False,True,False,False,3
2729,YYGAITQH,False,False,False,True,False,True,False,True,False,False,3
2730,YGAITQHV,False,False,False,True,False,True,False,False,False,False,2
2731,GAITQHVY,False,False,False,False,False,True,False,False,False,False,1
2732,AITQHVYL,False,False,False,False,False,True,False,False,False,False,1
2733,ITQHVYLY,False,False,False,False,False,True,False,False,False,False,1
2734,TQHVYLYG,False,False,False,False,False,True,False,False,False,False,1
2735,QHVYLYGN,False,False,False,False,False,True,False,False,False,False,1
2736,HVYLYGNV,False,False,False,False,False,True,False,False,False,False,1
2737,VYLYGNVR,False,False,False,False,False,True,False,False,False,False,1
2738,YLYGNVRL,False,False,False,False,False,True,False,True,False,False,2
2739,LYGNVRLV,False,False,False,False,False,True,False,False,False,False,1
2740,YGNVRLVC,False,False,False,False,False,True,False,False,False,False,1
2741,GNVRLVCV,False,False,False,False,False,True,False,False,False,False,1
2742,NVRLVCVY,False,False,False,False,False,True,False,False,False,False,1
2743,VRLVCVYL,False,False,False,False,False,True,False,False,False,False,1
2744,RLVCVYLD,False,False,False,False,False,True,False,False,False,False,1
2745,LVCVYLDS,False,False,False,False,False,True,False,False,False,False,1
2746,VCVYLDSE,False,False,False,False,False,True,False,False,False,False,1
2747,CVYLDSEV,False,False,False,False,False,True,False,False,False,False,1
2748,VYLDSEVT,False,False,False,True,False,True,False,False,False,False,2
2749,YLDSEVTG,False,False,False,True,False,True,False,False,False,False,2
2750,LDSEVTGL,False,False,False,True,False,True,False,False,False,False,2
2751,DSEVTGLE,False,False,False,False,False,True,False,False,False,False,1
2752,SEVTGLET,False,False,False,False,False,True,False,False,False,False,1
2753,EVTGLETR,False,False,False,False,False,True,False,False,False,False,1
2754,VTGLETRP,False,False,False,False,False,True,False,False,False,False,1
2755,TGLETRPF,False,False,False,False,False,True,False,False,False,False,1
2756,GLETRPFQ,False,False,False,False,False,True,False,False,False,False,1
2757,LETRPFQL,False,False,False,False,False,True,False,False,False,False,1
2758,ETRPFQLT,False,False,False,False,False,True,False,False,False,False,1
2759,TRPFQLTV,False,False,False,True,False,True,False,True,False,False,3
2760,RPFQLTVE,False,False,False,True,False,True,False,True,False,False,3
2761,PFQLTVEK,False,False,False,True,False,True,False,True,False,False,3
2762,FQLTVEKL,False,False,False,True,False,True,False,True,False,False,3
2763,QLTVEKLE,False,False,False,True,False,True,False,True,False,False,3
2764,LTVEKLEM,False,False,False,True,False,True,False,True,False,False,3
2765,TVEKLEMA,False,False,False,True,False,True,False,False,False,False,2
2766,VEKLEMAL,False,False,False,True,False,True,False,False,False,False,2
2767,EKLEMALQ,False,False,False,False,False,True,False,False,False,False,1
2768,KLEMALQG,False,False,False,False,False,True,False,False,False,False,1
2769,LEMALQGA,False,False,False,False,False,True,False,False,False,False,1
2770,EMALQGAN,False,False,False,False,False,True,False,False,False,False,1
2771,MALQGANS,False,False,False,False,False,True,False,False,False,False,1
2772,ALQGANSE,False,False,False,False,False,True,False,False,False,False,1
2773,LQGANSEG,False,False,False,False,False,True,False,False,False,False,1
2774,QGANSEGV,False,False,False,False,False,True,False,False,False,False,1
2775,GANSEGVK,False,False,False,False,False,True,False,False,False,False,1
2776,ANSEGVKV,False,False,False,False,False,True,False,False,False,False,1
2777,NSEGVKVK,False,False,False,False,False,True,False,False,False,False,1
2778,SEGVKVKG,False,False,False,True,False,True,False,True,False,False,3
2779,EGVKVKGL,False,False,False,True,False,True,False,True,False,False,3
2780,GVKVKGLI,False,False,False,True,False,True,False,True,False,False,3
2781,VKVKGLIL,False,False,False,True,False,True,False,True,False,False,3
2782,KVKGLILI,False,False,False,True,False,True,False,True,False,False,3
2783,VKGLILIN,False,False,False,False,False,True,False,True,False,False,2
2784,KGLILINP,False,False,False,False,False,True,False,True,False,False,2
2785,GLILINPQ,False,False,False,False,False,True,False,True,False,False,2
2786,LILINPQN,False,False,False,False,False,True,False,True,False,False,2
2787,ILINPQNP,False,False,False,False,False,True,False,True,False,False,2
2788,LINPQNPL,False,False,False,True,False,True,False,True,False,False,3
2789,INPQNPLG,False,False,False,True,False,True,False,True,False,False,3
2790,NPQNPLGD,False,False,False,True,False,True,False,True,False,False,3
2791,PQNPLGDI,False,False,False,True,False,True,False,False,False,False,2
2792,QNPLGDIY,False,False,False,True,False,True,False,False,False,False,2
2793,NPLGDIYS,False,False,False,True,False,True,False,False,False,False,2
2794,PLGDIYSP,False,False,False,True,False,True,False,False,False,False,2
2795,LGDIYSPG,False,False,False,False,False,True,False,False,False,False,1
2796,GDIYSPGE,False,False,False,False,False,True,False,False,False,False,1
2797,DIYSPGEL,False,False,False,False,False,True,False,False,False,False,1
2798,IYSPGELQ,False,False,False,False,False,True,False,False,False,False,1
2799,YSPGELQE,False,False,False,False,False,True,False,False,False,False,1
2800,SPGELQEY,False,False,False,False,False,True,False,False,False,False,1
2801,PGELQEYL,False,False,False,False,False,True,False,False,False,False,1
2802,GELQEYLE,False,True,False,False,False,True,False,False,False,False,2
2803,ELQEYLEF,False,False,False,False,False,True,False,False,False,False,1
2804,LQEYLEFA,False,False,False,False,False,True,False,False,False,False,1
2805,QEYLEFAK,False,False,False,False,False,True,False,False,False,False,1
2806,EYLEFAKR,False,False,False,False,False,True,False,False,False,False,1
2807,YLEFAKRH,False,False,False,False,False,True,False,False,False,False,1
2808,LEFAKRHE,False,False,False,False,False,True,False,False,False,False,1
2809,EFAKRHEL,False,False,False,False,False,True,False,False,False,False,1
2810,FAKRHELH,False,False,False,False,False,True,False,False,False,False,1
2811,AKRHELHV,False,False,False,False,False,True,False,False,False,False,1
2812,KRHELHVM,False,False,False,False,False,True,False,False,False,False,1
2813,RHELHVMV,False,False,False,False,False,True,False,False,False,False,1
2814,HELHVMVD,False,False,False,False,False,True,False,False,False,False,1
2815,ELHVMVDE,False,False,False,False,False,True,False,False,False,False,1
2816,LHVMVDEV,False,False,False,False,False,True,False,False,False,False,1
2817,HVMVDEVY,False,False,False,False,False,True,False,False,False,False,1
2818,VMVDEVYM,False,False,False,False,False,True,False,False,False,False,1
2819,MVDEVYML,False,False,False,False,False,True,False,False,False,False,1
2820,VDEVYMLS,False,False,False,True,False,True,False,False,True,False,3
2821,DEVYMLSV,False,False,False,True,False,True,False,True,True,False,4
2822,EVYMLSVF,False,False,False,True,False,True,False,True,True,False,4
2823,VYMLSVFE,False,False,False,True,False,True,False,True,False,False,3
2824,YMLSVFEE,False,False,False,False,False,True,False,True,False,False,2
2825,MLSVFEES,False,False,False,False,False,True,False,True,False,False,2
2826,LSVFEESA,False,False,False,False,False,True,False,False,False,False,1
2827,SVFEESAG,False,False,False,False,False,True,False,False,False,False,1
2828,VFEESAGY,False,False,False,False,False,True,False,False,False,False,1
2829,FEESAGYR,False,False,False,False,False,True,False,False,False,False,1
2830,EESAGYRS,False,False,False,False,False,True,False,False,False,False,1
2831,ESAGYRSV,False,False,False,False,False,True,False,False,False,False,1
2832,SAGYRSVL,False,False,False,False,False,True,False,False,False,False,1
2833,AGYRSVLS,False,False,False,False,False,True,False,False,False,False,1
2834,GYRSVLSL,False,False,False,True,False,True,False,True,False,False,3
2835,YRSVLSLE,False,False,False,True,False,True,False,True,False,False,3
2836,RSVLSLER,False,False,False,True,False,True,False,True,False,False,3
2837,SVLSLERL,False,False,False,True,False,True,False,True,False,False,3
2838,VLSLERLP,False,False,False,True,False,True,False,True,False,False,3
2839,LSLERLPD,False,False,False,True,False,True,False,True,False,False,3
2840,SLERLPDP,False,False,False,True,False,True,False,True,False,False,3
2841,LERLPDPQ,False,False,False,True,False,True,False,True,False,False,3
2842,ERLPDPQR,False,False,False,True,False,True,False,True,False,False,3
2843,RLPDPQRT,False,False,False,True,False,True,False,True,False,False,3
2844,LPDPQRTH,False,False,False,True,False,True,False,True,False,False,3
2845,PDPQRTHV,False,False,False,True,False,True,False,True,True,False,4
2846,DPQRTHVM,False,False,False,True,False,True,False,True,True,False,4
2847,PQRTHVMW,False,False,False,True,False,True,False,True,True,False,4
2848,QRTHVMWA,False,False,False,True,False,True,False,True,False,False,3
2849,RTHVMWAT,False,False,False,True,False,True,False,True,False,False,3
2850,THVMWATS,False,False,False,True,False,True,False,True,False,False,3
2851,HVMWATSK,False,False,False,True,False,True,False,True,False,False,3
2852,VMWATSKD,False,False,False,True,False,True,False,True,False,False,3
2853,MWATSKDF,False,False,False,True,False,True,False,True,False,False,3
2854,WATSKDFG,False,False,False,True,False,True,False,True,False,False,3
2855,ATSKDFGM,False,False,False,True,False,True,False,True,False,False,3
2856,TSKDFGMS,False,False,False,True,False,True,False,True,False,False,3
2857,SKDFGMSG,False,False,False,True,False,True,False,True,False,False,3
2858,KDFGMSGL,False,False,False,True,False,True,False,True,False,False,3
2859,DFGMSGLR,False,False,False,True,False,True,False,True,False,False,3
2860,FGMSGLRF,False,False,False,True,False,True,False,True,False,False,3
2861,GMSGLRFG,False,False,False,True,False,True,False,True,False,False,3
2862,MSGLRFGT,False,False,False,True,False,True,False,False,False,False,2
2863,SGLRFGTL,False,False,False,True,False,True,False,False,False,False,2
2864,GLRFGTLY,False,False,False,True,False,True,False,False,False,False,2
2865,LRFGTLYT,False,False,False,True,False,True,False,False,False,False,2
2866,RFGTLYTE,False,False,False,True,False,True,False,False,False,False,2
2867,FGTLYTEN,False,False,False,True,False,True,False,False,False,False,2
2868,GTLYTENW,False,False,False,False,False,True,False,False,False,False,1
2869,TLYTENWA,False,False,False,False,False,True,False,False,False,False,1
2870,LYTENWAV,False,False,False,False,False,True,False,False,False,False,1
2871,YTENWAVA,False,False,False,False,False,True,False,False,False,False,1
2872,TENWAVAT,False,False,False,False,False,True,False,False,False,False,1
2873,ENWAVATA,False,False,False,False,False,True,False,False,False,False,1
2874,NWAVATAV,False,False,False,False,False,True,False,False,False,False,1
2875,WAVATAVA,False,False,False,False,False,True,False,False,False,False,1
2876,AVATAVAS,False,False,False,False,False,True,False,False,False,False,1
2877,VATAVASL,False,False,False,True,False,True,False,True,False,False,3
2878,ATAVASLC,False,False,True,True,False,True,False,True,False,False,4
2879,TAVASLCR,False,False,False,True,False,True,False,True,False,False,3
2880,AVASLCRY,False,False,False,True,False,True,False,True,False,False,3
2881,VASLCRYH,False,False,False,True,False,True,False,True,False,False,3
2882,ASLCRYHG,False,False,False,True,False,True,False,True,False,False,3
2883,SLCRYHGL,False,False,False,True,False,True,False,True,False,False,3
2884,LCRYHGLS,False,False,False,True,False,True,False,True,False,False,3
2885,CRYHGLSG,False,False,False,True,False,True,False,True,False,False,3
2886,RYHGLSGL,False,False,False,True,False,True,False,True,False,False,3
2887,YHGLSGLV,False,False,False,True,False,True,False,True,False,False,3
2888,HGLSGLVQ,False,False,False,True,False,True,False,True,False,False,3
2889,GLSGLVQY,False,False,False,True,False,True,False,False,False,False,2
2890,LSGLVQYQ,False,False,False,True,False,True,False,False,False,False,2
2891,SGLVQYQM,False,False,False,True,False,True,False,False,False,False,2
2892,GLVQYQMA,False,False,False,True,False,True,False,False,False,False,2
2893,LVQYQMAQ,False,False,False,True,False,True,False,False,False,False,2
2894,VQYQMAQL,False,False,False,True,False,True,False,False,False,False,2
2895,QYQMAQLL,False,False,False,True,False,True,False,False,False,False,2
2896,YQMAQLLR,False,False,False,True,False,True,False,False,False,False,2
2897,QMAQLLRD,False,False,False,True,False,True,False,True,False,False,3
2898,MAQLLRDH,False,False,False,False,False,True,False,True,False,False,2
2899,AQLLRDHD,False,False,False,False,False,True,False,True,False,False,2
2900,QLLRDHDW,False,False,False,False,False,True,False,True,False,False,2
2901,LLRDHDWI,False,False,False,False,False,True,False,True,False,False,2
2902,LRDHDWIN,False,False,False,False,False,True,False,False,False,False,1
2903,RDHDWINQ,False,False,False,False,False,True,False,False,False,False,1
2904,DHDWINQV,False,False,False,False,False,True,False,False,False,False,1
2905,HDWINQVY,False,False,False,False,False,True,False,False,False,False,1
2906,DWINQVYL,False,False,False,True,False,True,False,False,False,False,2
2907,WINQVYLP,False,False,False,True,False,True,False,False,False,False,2
2908,INQVYLPE,False,False,False,True,False,True,False,False,False,False,2
2909,NQVYLPEN,False,False,False,True,False,True,False,False,False,False,2
2910,QVYLPENH,False,False,False,True,False,True,False,True,False,False,3
2911,VYLPENHA,False,False,False,True,False,True,False,True,False,False,3
2912,YLPENHAR,False,False,False,True,False,True,False,True,False,False,3
2913,LPENHARL,False,False,False,True,False,True,False,True,False,False,3
2914,PENHARLK,False,False,False,True,False,True,False,True,False,False,3
2915,ENHARLKA,False,False,False,True,False,True,False,True,False,False,3
2916,NHARLKAA,False,False,False,True,False,True,False,True,False,False,3
2917,HARLKAAH,False,False,False,True,False,True,False,True,False,False,3
2918,ARLKAAHT,False,False,False,True,False,True,False,True,False,False,3
2919,RLKAAHTY,False,False,False,True,False,True,False,True,False,False,3
2920,LKAAHTYV,False,False,False,True,False,True,False,True,False,False,3
2921,KAAHTYVS,False,False,False,True,False,True,False,True,False,False,3
2922,AAHTYVSE,False,False,False,True,False,True,False,True,False,False,3
2923,AHTYVSED,False,False,False,False,False,True,False,False,False,False,1
2924,HTYVSEDL,False,False,False,False,False,True,False,False,False,False,1
2925,TYVSEDLR,False,False,False,False,False,True,False,False,False,False,1
2926,YVSEDLRA,False,False,False,False,False,True,False,False,False,False,1
2927,VSEDLRAL,False,False,False,False,False,True,False,False,False,False,1
2928,SEDLRALG,False,False,False,False,False,True,False,False,False,False,1
2929,EDLRALGI,False,False,False,False,False,True,False,False,False,False,1
2930,DLRALGIP,False,False,False,False,False,True,False,False,False,False,1
2931,LRALGIPF,False,False,False,True,False,True,False,True,False,False,3
2932,RALGIPFV,False,False,False,False,False,True,False,True,False,False,2
2933,ALGIPFVS,False,False,False,False,False,True,False,True,False,False,2
2934,LGIPFVSR,False,False,False,False,False,True,False,True,False,False,2
2935,GIPFVSRG,False,False,False,False,False,True,False,True,False,False,2
2936,IPFVSRGA,False,False,False,False,False,True,False,True,False,False,2
2937,PFVSRGAG,False,False,False,False,False,True,False,True,False,False,2
2938,FVSRGAGF,False,False,False,False,False,True,False,True,False,False,2
2939,VSRGAGFF,False,False,False,False,False,True,False,True,False,False,2
2940,SRGAGFFI,False,False,False,True,False,True,False,True,False,False,3
2941,RGAGFFIW,False,False,False,True,False,True,False,True,False,False,3
2942,GAGFFIWV,False,False,False,True,False,True,False,True,False,False,3
2943,AGFFIWVD,False,False,False,True,False,True,False,True,False,False,3
2944,GFFIWVDL,False,False,False,True,False,True,False,True,False,False,3
2945,FFIWVDLR,False,False,False,True,False,True,False,True,False,False,3
2946,FIWVDLRK,False,False,False,True,False,True,False,True,False,False,3
2947,IWVDLRKY,False,False,False,True,False,True,False,True,False,False,3
2948,WVDLRKYL,False,False,False,True,False,True,False,True,False,False,3
2949,VDLRKYLP,False,False,False,True,False,True,False,False,False,False,2
2950,DLRKYLPE,False,False,False,False,False,True,False,False,False,False,1
2951,LRKYLPEA,False,False,False,False,False,True,False,False,False,False,1
2952,RKYLPEAT,False,False,False,False,False,True,False,False,False,False,1
2953,KYLPEATF,False,False,False,False,False,True,False,False,False,False,1
2954,YLPEATFE,False,False,False,False,False,True,False,False,False,False,1
2955,LPEATFEE,False,False,False,False,False,True,False,False,False,False,1
2956,PEATFEEE,False,False,False,False,False,True,False,False,False,False,1
2957,EATFEEEV,False,False,False,False,False,True,False,False,False,False,1
2958,ATFEEEVL,False,False,False,False,False,True,False,False,False,False,1
2959,TFEEEVLL,False,False,False,False,False,True,False,False,False,False,1
2960,FEEEVLLW,False,False,False,False,False,True,False,False,False,False,1
2961,EEEVLLWR,False,False,False,False,False,True,False,False,False,False,1
2962,EEVLLWRR,False,False,False,False,False,True,False,False,False,False,1
2963,EVLLWRRF,False,False,False,False,False,True,False,False,False,False,1
2964,VLLWRRFL,False,False,False,False,False,True,False,False,False,False,1
2965,LLWRRFLE,False,False,False,False,False,True,False,False,False,False,1
2966,LWRRFLEN,False,False,False,False,False,True,False,False,False,False,1
2967,WRRFLENK,False,False,False,False,False,True,False,False,False,False,1
2968,RRFLENKV,False,False,False,False,False,True,False,False,False,False,1
2969,RFLENKVL,False,False,False,False,False,True,False,False,False,False,1
2970,FLENKVLL,False,False,False,False,False,True,False,False,False,False,1
2971,LENKVLLS,False,False,False,False,False,True,False,False,False,False,1
2972,ENKVLLSF,False,False,False,False,False,True,False,False,False,False,1
2973,NKVLLSFG,False,False,False,True,False,True,False,False,False,False,2
2974,KVLLSFGK,False,False,False,True,False,True,False,False,False,False,2
2975,VLLSFGKA,False,False,False,True,False,True,False,False,False,False,2
2976,LLSFGKAF,False,False,False,True,False,True,False,False,False,False,2
2977,LSFGKAFE,False,False,False,True,False,True,False,False,False,False,2
2978,SFGKAFEC,False,False,False,True,False,True,False,False,False,False,2
2979,FGKAFECK,False,False,False,True,False,True,False,False,False,False,2
2980,GKAFECKE,False,False,False,True,False,True,False,False,False,False,2
2981,KAFECKEP,False,False,False,True,False,True,False,False,False,False,2
2982,AFECKEPG,False,False,False,True,False,True,False,False,False,False,2
2983,FECKEPGW,False,False,False,True,False,True,False,True,False,False,3
2984,ECKEPGWF,False,False,False,True,False,True,False,True,False,False,3
2985,CKEPGWFR,False,False,False,True,False,True,False,True,False,False,3
2986,KEPGWFRL,False,False,False,False,False,True,False,False,False,False,1
2987,EPGWFRLV,False,False,False,False,False,True,False,True,False,False,2
2988,PGWFRLVF,False,False,False,False,False,True,False,True,False,False,2
2989,GWFRLVFS,False,False,False,False,False,True,False,False,False,False,1
2990,WFRLVFSD,False,False,False,False,False,True,False,False,False,False,1
2991,FRLVFSDK,False,False,False,False,False,True,False,False,False,False,1
2992,RLVFSDKT,False,False,False,False,False,True,False,False,False,False,1
2993,LVFSDKTH,False,False,False,False,False,True,False,False,False,False,1
2994,VFSDKTHR,False,False,False,False,False,True,False,False,False,False,1
2995,FSDKTHRL,False,False,False,False,False,True,False,False,False,False,1
2996,SDKTHRLH,False,False,False,False,False,True,False,False,False,False,1
2997,DKTHRLHL,False,False,False,False,False,True,False,False,False,False,1
2998,KTHRLHLG,False,False,False,False,False,True,False,False,False,False,1
2999,THRLHLGM,False,False,False,False,False,True,False,False,False,False,1
3000,HRLHLGMQ,False,False,False,False,False,True,False,False,False,False,1
3001,RLHLGMQR,False,False,False,False,False,True,False,False,False,False,1
3002,LHLGMQRV,False,False,False,False,False,True,False,False,False,False,1
3003,HLGMQRVR,False,False,False,False,False,True,False,False,False,False,1
3004,LGMQRVRQ,False,False,False,False,False,True,False,False,False,False,1
3005,GMQRVRQV,False,False,False,False,False,True,False,False,False,False,1
3006,MQRVRQVL,False,False,False,False,False,True,False,False,False,False,1
3007,QRVRQVLE,False,False,False,False,False,True,False,False,False,False,1
3008,RVRQVLEG,False,False,False,False,False,True,False,False,False,False,1
3009,VRQVLEGQ,False,False,False,False,False,True,False,False,False,False,1
3010,RQVLEGQP,False,False,False,False,False,True,False,False,False,False,1
3011,QVLEGQPQ,False,False,False,False,False,True,False,False,False,False,1
3012,VLEGQPQL,False,False,False,False,False,True,False,False,False,False,1
3013,LEGQPQLA,False,False,False,False,False,True,False,False,False,False,1
3014,EGQPQLAD,False,False,False,False,False,True,False,False,False,False,1
3015,GQPQLADG,False,False,False,False,False,True,False,False,False,False,1
3016,QPQLADGA,False,False,False,False,False,True,False,False,False,False,1
3017,PQLADGAP,False,False,False,False,False,True,False,False,False,False,1
3018,QLADGAPP,False,False,False,False,False,True,False,False,False,False,1
3019,LADGAPPH,False,False,False,False,False,True,False,False,False,False,1
3020,ADGAPPHQ,False,False,False,False,False,True,False,False,False,False,1
3021,DGAPPHQI,False,False,False,False,False,True,False,False,False,False,1
3022,GAPPHQIQ,False,False,False,False,False,True,False,False,False,False,1
3023,APPHQIQE,False,False,False,False,False,True,False,False,False,False,1
3024,PPHQIQEP,False,False,False,False,False,True,False,False,False,False,1
3025,PHQIQEPQ,False,False,False,False,False,True,False,False,False,False,1
3026,HQIQEPQG,False,False,False,False,False,True,False,False,False,False,1
3027,QIQEPQGP,False,False,False,False,False,True,False,False,False,False,1
3028,IQEPQGPH,False,False,False,False,False,True,False,False,False,False,1
3029,QEPQGPHR,False,False,False,False,False,True,False,False,False,False,1
3030,MRVTAPRT,False,False,False,False,False,True,False,False,False,False,1
3031,RVTAPRTL,False,False,False,False,False,True,False,False,False,False,1
3032,VTAPRTLL,False,False,False,False,False,True,False,False,False,False,1
3033,TAPRTLLL,False,False,False,False,False,True,False,False,False,False,1
3034,TLLLLLSA,False,False,False,False,False,True,False,False,False,False,1
3035,LLLLLSAA,False,False,False,True,True,True,False,True,False,False,4
3036,SHSMRYFD,False,False,False,True,False,True,False,False,False,False,2
3037,HSMRYFDT,False,False,False,True,False,True,False,False,False,False,2
3038,SMRYFDTA,False,False,False,True,False,True,False,False,False,False,2
3039,MRYFDTAV,False,False,False,True,False,True,False,False,False,False,2
3040,RYFDTAVS,False,False,False,True,False,True,False,False,False,False,2
3041,YFDTAVSR,False,False,False,True,False,True,False,False,False,False,2
3042,FDTAVSRP,False,False,False,True,False,True,False,False,False,False,2
3043,DTAVSRPG,False,False,False,True,False,True,False,False,False,False,2
3044,RGEPRFIT,False,False,False,False,False,True,False,False,False,False,1
3045,GEPRFITV,False,False,False,False,False,True,False,False,False,False,1
3046,EPRFITVG,False,False,False,False,False,True,False,False,False,False,1
3047,PRFITVGY,False,False,False,False,False,True,False,False,False,False,1
3048,RFITVGYV,False,False,False,False,False,True,False,False,False,False,1
3049,FITVGYVD,False,False,False,False,False,True,False,False,False,False,1
3050,ITVGYVDD,False,True,False,False,False,True,False,False,False,False,2
3051,TVGYVDDT,False,False,False,False,False,True,False,False,False,False,1
3052,YWDRETQT,False,False,False,False,False,True,False,False,False,False,1
3053,WDRETQTS,False,False,False,False,False,True,False,False,False,False,1
3054,DRETQTSK,False,False,False,False,False,True,False,False,False,False,1
3055,RETQTSKA,False,False,False,False,False,True,False,False,False,False,1
3056,ETQTSKAQ,False,False,False,False,False,True,False,False,False,False,1
3057,TQTSKAQA,False,False,False,False,False,True,False,False,False,False,1
3058,QTSKAQAQ,False,False,False,False,False,True,False,False,False,False,1
3059,TSKAQAQT,False,False,False,False,False,True,False,False,False,False,1
3060,SKAQAQTD,False,False,False,False,False,True,False,False,False,False,1
3061,KAQAQTDR,False,False,False,True,False,True,False,False,False,False,2
3062,AQAQTDRE,False,False,False,True,False,True,False,False,False,False,2
3063,QAQTDREN,False,False,False,False,False,True,False,False,False,False,1
3064,AQTDRENL,False,False,False,False,False,True,False,False,False,False,1
3065,QTDRENLR,False,False,False,False,False,True,False,False,False,False,1
3066,TDRENLRI,False,False,False,False,False,True,False,False,False,False,1
3067,DRENLRIA,False,False,False,False,False,True,False,False,False,False,1
3068,RENLRIAL,False,False,False,True,False,True,False,False,False,False,2
3069,ENLRIALR,False,False,False,True,False,True,False,False,False,False,2
3070,NLRIALRY,False,False,False,True,False,True,False,False,False,False,2
3071,RYYNQSEA,False,False,False,False,False,True,False,False,False,False,1
3072,AGSHTIQR,False,False,False,False,False,True,False,False,False,False,1
3073,DVGPDGRL,False,False,False,True,False,True,False,True,False,False,3
3074,VGPDGRLL,False,False,False,True,False,True,False,True,False,False,3
3075,GRLLRGYS,False,False,False,False,False,True,False,False,False,False,1
3076,RLLRGYSQ,False,False,False,False,False,True,False,False,False,False,1
3077,LLRGYSQS,False,False,False,False,False,True,False,False,False,False,1
3078,LRGYSQSA,False,False,False,False,False,True,False,False,False,False,1
3079,RGYSQSAY,False,False,False,False,False,True,False,False,False,False,1
3080,GYSQSAYD,False,False,False,False,False,True,False,False,False,False,1
3081,YSQSAYDG,False,False,False,False,False,True,False,False,False,False,1
3082,SQSAYDGK,False,False,False,False,False,True,False,False,False,False,1
3083,QSAYDGKD,False,False,False,True,False,True,False,False,False,False,2
3084,SAYDGKDY,False,False,False,True,False,True,False,False,False,False,2
3085,IALNEDLS,False,False,False,False,False,True,False,False,False,False,1
3086,ALNEDLSS,False,False,False,False,False,True,False,False,False,False,1
3087,LNEDLSSW,False,False,False,False,False,True,False,False,False,False,1
3088,NEDLSSWT,False,False,False,False,False,True,False,False,False,False,1
3089,EDLSSWTA,False,False,False,False,False,True,False,False,False,False,1
3090,RKWEAARE,False,False,False,True,False,True,False,False,False,False,2
3091,KWEAAREA,False,False,False,True,False,True,False,False,False,False,2
3092,WEAAREAE,False,False,False,True,False,True,False,False,False,False,2
3093,EAAREAEQ,False,False,False,True,False,True,False,False,False,False,2
3094,AAREAEQL,False,True,False,False,False,True,False,False,False,False,2
3095,AREAEQLR,False,False,False,False,False,True,False,False,False,False,1
3096,REAEQLRA,False,True,False,False,False,True,False,False,False,False,2
3097,RRYLENGR,False,False,False,False,False,True,False,False,False,False,1
3098,RYLENGRE,False,False,False,False,False,True,False,False,False,False,1
3099,YLENGRET,False,False,False,False,False,True,False,False,False,False,1
3100,LENGRETL,False,False,False,False,False,True,False,False,False,False,1
3101,ENGRETLQ,False,False,False,False,False,True,False,False,False,False,1
3102,NGRETLQR,False,False,False,False,False,True,False,False,False,False,1
3103,GRETLQRA,False,False,False,False,False,True,False,False,False,False,1
3104,RETLQRAD,False,False,False,False,False,True,False,False,False,False,1
3105,ETLQRADT,False,False,False,False,False,True,False,False,False,False,1
3106,TLQRADTP,False,False,False,False,False,True,False,False,False,False,1
3107,LQRADTPK,False,False,False,False,False,True,False,False,False,False,1
3108,QRADTPKT,False,False,False,False,False,True,False,False,False,False,1
3109,RADTPKTH,False,False,False,False,False,True,False,False,False,False,1
3110,ADTPKTHV,False,False,False,False,False,True,False,False,False,False,1
3111,DTPKTHVT,False,False,False,False,False,True,False,False,False,False,1
3112,TPKTHVTH,False,False,False,False,False,True,False,False,False,False,1
3113,VVPSGEEE,False,False,False,False,False,True,False,False,False,False,1
3114,VPSGEEER,False,False,False,False,False,True,False,False,False,False,1
3115,PSGEEERY,False,False,False,False,False,True,False,False,False,False,1
3116,SGEEERYT,False,False,False,False,False,True,False,False,False,False,1
3117,GEEERYTC,False,False,False,False,False,True,False,False,False,False,1
3118,EEERYTCH,False,False,False,False,False,True,False,False,False,False,1
3119,EERYTCHV,False,False,False,False,False,True,False,False,False,False,1
3120,ERYTCHVQ,False,False,False,False,False,True,False,False,False,False,1
3121,VVIGAVVT,False,False,False,False,False,True,False,False,False,False,1
3122,VIGAVVTA,False,False,False,False,False,True,False,False,False,False,1
3123,IGAVVTAV,False,False,False,False,False,True,False,False,False,False,1
3124,GAVVTAVI,False,False,False,False,False,True,False,False,False,False,1
3125,AVVTAVIC,False,False,False,False,False,True,False,False,False,False,1
3126,VVTAVICR,False,False,False,False,False,True,False,False,False,False,1
3127,VTAVICRR,False,False,False,False,False,True,False,False,False,False,1
3128,TAVICRRK,False,False,False,False,False,True,False,False,False,False,1
3129,AVICRRKS,False,False,False,False,False,True,False,False,False,False,1
3130,VICRRKSS,False,False,False,False,False,True,False,False,False,False,1
3131,ICRRKSSG,False,False,False,False,False,True,False,False,False,False,1
3132,YWDRETRN,False,False,False,False,False,True,False,False,False,False,1
3133,WDRETRNM,False,False,False,False,False,True,False,False,False,False,1
3134,DRETRNMK,False,False,False,False,False,True,False,False,False,False,1
3135,RETRNMKA,False,False,False,False,False,True,False,False,False,False,1
3136,ASAQTDRE,False,False,False,False,False,True,False,False,False,False,1
3137,SAQTDREN,False,False,False,False,False,True,False,False,False,False,1
3138,SEAGSHTW,False,False,False,False,False,True,False,False,False,False,1
3139,EAGSHTWQ,False,False,False,False,False,True,False,False,False,False,1
3140,AGSHTWQT,False,False,False,False,False,True,False,False,False,False,1
3141,GSHTWQTM,False,False,False,False,False,True,False,False,False,False,1
3142,SHTWQTMY,False,False,False,False,False,True,False,False,False,False,1
3143,HTWQTMYG,False,False,False,False,False,True,False,False,False,False,1
3144,TWQTMYGC,False,False,False,False,False,True,False,False,False,False,1
3145,WQTMYGCD,False,False,False,False,False,True,False,False,False,False,1
3146,QTMYGCDM,False,False,False,False,False,True,False,False,False,False,1
3147,TMYGCDMG,False,False,False,False,False,True,False,False,False,False,1
3148,GRLLRGYG,False,False,False,False,False,True,False,False,False,False,1
3149,RLLRGYGQ,False,False,False,False,False,True,False,False,False,False,1
3150,LLRGYGQY,False,False,False,False,False,True,False,False,False,False,1
3151,LRGYGQYA,False,False,False,False,False,True,False,False,False,False,1
3152,RGYGQYAY,False,False,False,False,False,True,False,False,False,False,1
3153,GYGQYAYD,False,False,False,False,False,True,False,False,False,False,1
3154,YGQYAYDG,False,False,False,False,False,True,False,False,False,False,1
3155,GQYAYDGK,False,False,False,False,False,True,False,False,False,False,1
3156,AAREAEQR,False,False,False,True,False,True,False,False,False,False,2
3157,AREAEQRR,False,False,False,True,False,True,False,False,False,False,2
3158,REAEQRRA,False,False,False,True,False,True,False,False,False,False,2
3159,EAEQRRAY,False,False,False,True,False,True,False,False,False,False,2
3160,ELVETRPE,False,False,False,False,False,True,False,False,False,False,1
3161,LVETRPEG,False,False,False,False,False,True,False,False,False,False,1
3162,VETRPEGD,False,False,False,False,False,True,False,False,False,False,1
3163,ETRPEGDR,False,False,False,False,False,True,False,False,False,False,1
3164,TRPEGDRT,False,False,False,False,False,True,False,False,False,False,1
3165,RPEGDRTF,False,False,False,False,False,True,False,False,False,False,1
3166,PEGDRTFQ,False,False,False,False,False,True,False,False,False,False,1
3167,EGDRTFQK,False,False,False,False,False,True,False,False,False,False,1
3168,VAGLAVLV,False,False,False,True,False,True,False,False,False,False,2
3169,AGLAVLVV,False,False,False,True,False,True,False,False,False,False,2
3170,GLAVLVVT,False,False,False,False,False,True,False,False,False,False,1
3171,LAVLVVTV,False,False,False,False,False,True,False,False,False,False,1
3172,AVLVVTVA,False,False,False,False,False,True,False,False,False,False,1
3173,VLVVTVAV,False,False,False,False,False,True,False,False,False,False,1
3174,LVVTVAVV,False,False,False,False,False,True,False,False,False,False,1
3175,VVTVAVVA,True,False,False,False,False,True,False,False,False,False,2
3176,VTVAVVAV,False,False,False,False,False,True,False,False,False,False,1
3177,TVAVVAVV,False,False,False,False,False,True,False,False,False,False,1
3178,VAVVAVVA,False,False,False,False,False,True,False,False,False,False,1
3179,AVVAVVAA,False,False,False,True,False,True,False,True,False,True,4
3180,VVAVVAAV,False,False,False,False,False,True,False,False,False,False,1
3181,VAVVAAVM,False,False,False,False,False,True,False,False,False,False,1
3182,SMRYFSTA,False,False,False,False,False,True,False,False,False,False,1
3183,MRYFSTAV,False,False,False,False,False,True,False,False,False,False,1
3184,RYFSTAVS,False,False,False,True,False,True,False,False,False,False,2
3185,YFSTAVSR,False,False,False,True,False,True,False,False,False,False,2
3186,FSTAVSRP,False,False,False,True,False,True,False,False,False,False,2
3187,STAVSRPG,False,False,False,True,False,True,False,False,False,False,2
3188,AVSRPGRE,False,False,False,False,False,True,False,False,False,False,1
3189,VSRPGREE,False,False,False,False,False,True,False,False,False,False,1
3190,SRPGREEP,False,False,False,False,False,True,False,False,False,False,1
3191,RPGREEPR,False,False,False,False,False,True,False,False,False,False,1
3192,PGREEPRY,False,False,False,False,False,True,False,False,False,False,1
3193,GREEPRYI,False,False,False,False,False,True,False,False,False,False,1
3194,REEPRYIE,False,False,False,False,False,True,False,False,False,False,1
3195,EEPRYIEV,False,False,False,False,False,True,False,False,False,False,1
3196,EPRYIEVG,False,False,False,False,False,True,False,False,False,False,1
3197,PRYIEVGY,False,False,False,False,False,True,False,False,False,False,1
3198,RYIEVGYV,False,False,False,False,False,True,False,False,False,False,1
3199,YIEVGYVD,False,False,False,False,False,True,False,False,False,False,1
3200,IEVGYVDD,False,False,False,False,False,True,False,False,False,False,1
3201,EVGYVDDT,False,False,False,False,False,True,False,True,False,False,2
3202,PRMEPRAQ,False,False,False,False,False,True,False,False,False,False,1
3203,RMEPRAQW,False,False,False,False,False,True,False,False,False,False,1
3204,MEPRAQWV,False,False,False,False,False,True,False,False,False,False,1
3205,EPRAQWVE,False,False,False,False,False,True,False,False,False,False,1
3206,PRAQWVEK,False,False,False,False,False,True,False,False,False,False,1
3207,RAQWVEKE,False,False,False,False,False,True,False,False,False,False,1
3208,AQWVEKEG,False,False,False,False,False,True,False,False,False,False,1
3209,QWVEKEGR,False,False,False,False,False,True,False,False,False,False,1
3210,WVEKEGRE,False,False,False,False,False,True,False,False,False,False,1
3211,VEKEGREY,False,False,False,False,False,True,False,False,False,False,1
3212,EKEGREYW,False,False,False,False,False,True,False,False,False,False,1
3213,KEGREYWE,False,False,False,False,False,True,False,False,False,False,1
3214,EGREYWEE,False,False,False,False,False,True,False,False,False,False,1
3215,GREYWEEE,False,False,False,False,False,True,False,False,False,False,1
3216,REYWEEET,False,False,False,False,False,True,False,False,False,False,1
3217,EYWEEETQ,False,False,False,False,False,True,False,False,False,False,1
3218,YWEEETQR,False,False,False,False,False,True,False,False,False,False,1
3219,WEEETQRA,False,False,False,False,False,True,False,False,False,False,1
3220,EEETQRAK,False,False,False,False,False,True,False,False,False,False,1
3221,EETQRAKA,False,False,False,False,False,True,False,False,False,False,1
3222,ETQRAKAF,False,False,False,False,False,True,False,False,False,False,1
3223,TQRAKAFA,False,False,False,False,False,True,False,False,False,False,1
3224,QRAKAFAQ,False,False,False,False,False,True,False,False,False,False,1
3225,RAKAFAQT,False,False,False,False,False,True,False,False,False,False,1
3226,AKAFAQTF,False,False,False,False,False,True,False,False,False,False,1
3227,KAFAQTFR,False,False,False,False,False,True,False,False,False,False,1
3228,AFAQTFRV,False,False,False,False,False,True,False,False,False,False,1
3229,FAQTFRVN,False,False,False,False,False,True,False,False,False,False,1
3230,AQTFRVNL,False,False,False,False,False,True,False,False,False,False,1
3231,QTFRVNLQ,False,False,False,False,False,True,False,False,False,False,1
3232,TFRVNLQT,False,False,False,False,False,True,False,False,False,False,1
3233,FRVNLQTA,False,False,False,False,False,True,False,False,False,False,1
3234,RVNLQTAL,False,False,False,False,False,True,False,False,False,False,1
3235,VNLQTALG,False,False,False,False,False,True,False,False,False,False,1
3236,NLQTALGY,False,False,False,False,False,True,False,False,False,False,1
3237,LQTALGYY,False,False,False,False,False,True,False,False,False,False,1
3238,QTALGYYN,False,False,False,False,False,True,False,False,False,False,1
3239,TALGYYNQ,False,False,False,False,False,True,False,False,False,False,1
3240,ALGYYNQS,False,False,False,False,False,True,False,False,False,False,1
3241,AGSHTIQM,False,False,False,False,False,True,False,False,False,False,1
3242,GSHTIQMM,False,False,False,False,False,True,False,False,False,False,1
3243,SHTIQMMS,False,False,False,False,False,True,False,False,False,False,1
3244,HTIQMMSG,False,False,False,False,False,True,False,False,False,False,1
3245,TIQMMSGC,False,False,False,False,False,True,False,False,False,False,1
3246,IQMMSGCD,False,False,False,False,False,True,False,False,False,False,1
3247,QMMSGCDL,False,False,False,False,False,True,False,False,False,False,1
3248,MMSGCDLG,False,False,False,False,False,True,False,False,False,False,1
3249,MSGCDLGP,False,False,False,True,False,True,False,False,False,False,2
3250,SGCDLGPD,False,False,False,True,False,True,False,False,False,False,2
3251,YDGKDYIS,False,False,False,True,False,True,False,False,False,False,2
3252,DGKDYISL,False,False,False,True,False,True,False,False,False,False,2
3253,GKDYISLN,False,False,False,True,False,True,False,False,False,False,2
3254,KDYISLNE,False,False,False,True,False,True,False,False,False,False,2
3255,DYISLNED,False,False,False,True,False,True,False,True,False,False,3
3256,YISLNEDL,False,False,False,True,False,True,False,True,False,False,3
3257,ISLNEDLR,False,False,False,True,False,True,False,True,False,False,3
3258,SLNEDLRS,False,False,False,True,False,True,False,True,False,False,3
3259,RSWTAADV,False,False,False,False,False,True,False,False,False,False,1
3260,SWTAADVA,False,False,False,False,False,True,False,False,False,False,1
3261,WTAADVAA,False,False,False,False,False,True,False,True,False,False,2
3262,TAADVAAQ,False,False,False,False,False,True,False,False,False,False,1
3263,AADVAAQI,False,True,False,False,False,True,False,False,False,False,2
3264,ADVAAQIT,False,True,False,False,False,True,False,False,False,False,2
3265,ELVETRPT,False,False,False,False,False,True,False,False,False,False,1
3266,LVETRPTG,False,False,False,False,False,True,False,False,False,False,1
3267,VETRPTGN,False,False,False,False,False,True,False,False,False,False,1
3268,ETRPTGNG,False,False,False,False,False,True,False,False,False,False,1
3269,TRPTGNGT,False,False,False,False,False,True,False,False,False,False,1
3270,RPTGNGTF,False,False,False,False,False,True,False,False,False,False,1
3271,PTGNGTFQ,False,False,False,False,False,True,False,False,False,False,1
3272,TGNGTFQK,False,False,False,False,False,True,False,False,False,False,1
3273,GNGTFQKW,False,False,False,False,False,True,False,False,False,False,1
3274,NGTFQKWA,False,False,False,False,False,True,False,False,False,False,1
3275,VVLSGEEH,False,False,False,False,False,True,False,False,False,False,1
3276,VLSGEEHR,False,False,False,False,False,True,False,False,False,False,1
3277,LSGEEHRY,False,False,False,False,False,True,False,False,False,False,1
3278,SGEEHRYT,False,False,False,False,False,True,False,False,False,False,1
3279,GEEHRYTC,False,False,False,False,False,True,False,False,False,False,1
3280,EEHRYTCH,False,False,False,False,False,True,False,False,False,False,1
3281,EHRYTCHV,False,False,False,False,False,True,False,False,False,False,1
3282,HRYTCHVQ,False,False,False,False,False,True,False,False,False,False,1
3283,AILAILGA,False,False,False,False,False,True,False,False,False,False,1
3284,ILAILGAV,False,True,False,False,False,True,False,False,False,False,2
3285,LAILGAVV,False,False,False,False,False,True,False,False,False,False,1
3286,AILGAVVT,False,True,False,False,False,True,False,False,False,False,2
3287,ILGAVVTG,False,True,False,False,False,True,False,False,False,False,2
3288,LGAVVTGA,False,False,False,True,False,True,False,False,False,False,2
3289,GAVVTGAV,False,False,False,True,False,True,False,False,False,False,2
3290,AVVTGAVV,False,False,False,True,False,True,False,False,False,False,2
3291,VVTGAVVT,False,False,False,False,False,True,False,False,False,False,1
3292,VTGAVVTA,False,False,False,False,False,True,False,False,False,False,1
3293,TGAVVTAV,False,False,False,False,False,True,False,False,False,True,2
3294,GAVVTAVM,False,False,False,False,False,True,False,False,False,False,1
3295,AVVTAVMW,False,False,False,False,False,True,False,False,False,False,1
3296,VVTAVMWR,False,False,False,False,False,True,False,False,False,False,1
3297,VTAVMWRK,False,False,False,False,False,True,False,False,False,False,1
3298,TAVMWRKK,False,False,False,False,False,True,False,False,False,False,1
3299,SEAGSHTF,False,False,False,False,False,True,False,False,False,False,1
3300,EAGSHTFQ,False,False,False,False,False,True,False,False,False,False,1
3301,AGSHTFQR,False,False,False,False,False,True,False,False,False,False,1
3302,GSHTFQRM,False,False,False,False,False,True,False,True,False,False,2
3303,SHTFQRMF,False,False,False,False,False,True,False,True,False,False,2
3304,HTFQRMFG,False,False,False,False,False,True,False,True,False,False,2
3305,TFQRMFGC,False,False,False,False,False,True,False,True,False,False,2
3306,FQRMFGCD,False,False,False,False,False,True,False,True,False,False,2
3307,QWMYGCDM,False,False,False,False,False,True,False,True,False,False,2
3308,WMYGCDMG,False,False,False,False,False,True,False,True,False,False,2
3309,QVTAPRTL,False,False,False,False,False,True,False,False,False,False,1
3310,SHSMRYFH,False,False,False,False,False,True,False,False,False,False,1
3311,HSMRYFHT,False,False,False,False,False,True,False,False,False,False,1
3312,SMRYFHTA,False,False,False,False,False,True,False,False,False,False,1
3313,MRYFHTAM,False,False,False,False,False,True,False,False,False,False,1
3314,RYFHTAMS,False,False,False,False,False,True,False,False,False,False,1
3315,YFHTAMSR,False,False,False,False,False,True,False,False,False,False,1
3316,FHTAMSRP,False,False,False,False,False,True,False,False,False,False,1
3317,HTAMSRPG,False,False,False,False,False,True,False,False,False,False,1
3318,TAMSRPGR,False,False,False,False,False,True,False,False,False,False,1
3319,AMSRPGRG,False,False,False,False,False,True,False,False,False,False,1
3320,MSRPGRGE,False,False,False,False,False,True,False,False,False,False,1
3321,SDAASPRK,False,False,False,False,False,True,False,False,False,False,1
3322,DAASPRKE,False,False,False,False,False,True,False,False,False,False,1
3323,AASPRKEP,False,False,False,False,False,True,False,False,False,False,1
3324,ASPRKEPR,False,False,False,False,False,True,False,False,False,False,1
3325,SPRKEPRT,False,False,False,False,False,True,False,False,False,False,1
3326,PRKEPRTP,False,False,False,False,False,True,False,False,False,False,1
3327,RKEPRTPW,False,False,False,False,False,True,False,False,False,False,1
3328,KEPRTPWI,False,False,False,False,False,True,False,False,False,False,1
3329,EPRTPWIE,False,False,False,False,False,True,False,False,False,False,1
3330,PRTPWIEQ,False,False,False,False,False,True,False,False,False,False,1
3331,RTPWIEQE,False,False,False,False,False,True,False,False,False,False,1
3332,TPWIEQEG,False,False,False,False,False,True,False,False,False,False,1
3333,TQISKTNT,False,False,False,False,False,True,False,False,False,False,1
3334,QISKTNTQ,False,False,False,False,False,True,False,False,False,False,1
3335,ISKTNTQT,False,False,False,False,False,True,False,False,False,False,1
3336,SKTNTQTY,False,False,False,False,False,True,False,False,False,False,1
3337,KTNTQTYR,False,False,False,False,False,True,False,False,False,False,1
3338,TNTQTYRV,False,False,False,False,False,True,False,False,False,False,1
3339,NTQTYRVG,False,False,False,False,False,True,False,False,False,False,1
3340,TQTYRVGL,False,False,False,False,False,True,False,False,False,False,1
3341,QTYRVGLG,False,False,False,False,False,True,False,False,False,False,1
3342,TYRVGLGT,False,False,False,False,False,True,False,False,False,False,1
3343,YRVGLGTL,False,False,False,False,False,True,False,False,False,False,1
3344,RVGLGTLR,False,False,False,False,False,True,False,False,False,False,1
3345,VGLGTLRG,False,False,False,False,False,True,False,False,False,False,1
3346,GLGTLRGY,False,False,False,False,False,True,False,False,False,False,1
3347,LLRGYSQL,False,False,False,False,False,True,False,False,False,False,1
3348,LRGYSQLA,False,False,False,False,False,True,False,False,False,False,1
3349,RGYSQLAY,False,False,False,False,False,True,False,False,False,False,1
3350,GYSQLAYD,False,False,False,False,False,True,False,False,False,False,1
3351,YSQLAYDG,False,False,False,False,False,True,False,False,False,False,1
3352,SQLAYDGK,False,False,False,False,False,True,False,False,False,False,1
3353,QLAYDGKD,False,False,False,False,False,True,False,False,False,False,1
3354,LAYDGKDY,False,False,False,False,False,True,False,False,False,False,1
3355,AYDGKDYL,False,False,False,True,False,True,False,False,False,False,2
3356,YDGKDYLA,False,False,False,True,False,True,False,False,False,False,2
3357,DGKDYLAL,False,False,False,True,False,True,False,False,False,False,2
3358,GKDYLALN,False,False,False,True,False,True,False,False,False,False,2
3359,KDYLALNE,False,False,False,True,False,True,False,False,False,False,2
3360,DYLALNED,False,False,False,True,False,True,False,False,False,False,2
3361,YLALNEDL,False,False,False,True,False,True,False,False,False,False,2
3362,LALNEDLS,False,False,False,False,False,True,False,False,False,False,1
3363,RKWEAARA,False,False,False,False,False,True,False,False,False,False,1
3364,KWEAARAA,False,False,False,False,False,True,False,False,False,False,1
3365,WEAARAAE,False,False,False,False,False,True,False,False,False,False,1
3366,EAARAAEQ,False,False,False,True,False,True,False,False,False,False,2
3367,AARAAEQE,False,False,False,False,False,True,False,False,False,False,1
3368,ARAAEQER,False,False,False,False,False,True,False,False,False,False,1
3369,RAAEQERA,False,False,False,False,False,True,False,False,False,False,1
3370,AAEQERAY,False,False,False,False,False,True,False,False,False,False,1
3371,AEQERAYL,False,False,False,False,False,True,False,False,False,False,1
3372,EQERAYLE,False,False,False,False,False,True,False,False,False,False,1
3373,QERAYLEG,False,False,False,False,False,True,False,False,False,False,1
3374,ERAYLEGL,False,False,False,False,False,True,False,False,False,False,1
3375,LEGLCVEW,False,False,False,False,False,True,False,False,False,False,1
3376,EGLCVEWL,False,False,False,False,False,True,False,False,False,False,1
3377,GLCVEWLR,False,False,False,False,False,True,False,False,False,False,1
3378,LCVEWLRR,False,False,False,False,False,True,False,False,False,False,1
3379,EEQRYTCR,False,False,False,False,False,True,False,False,False,False,1
3380,EQRYTCRV,False,False,False,False,False,True,False,False,False,False,1
3381,QRYTCRVQ,False,False,False,False,False,True,False,False,False,False,1
3382,RYTCRVQH,False,False,False,False,False,True,False,False,False,False,1
3383,YTCRVQHE,False,False,False,False,False,True,False,False,False,False,1
3384,TCRVQHEG,False,False,False,False,False,True,False,False,False,False,1
3385,CRVQHEGL,False,False,False,False,False,True,False,False,False,False,1
3386,RVQHEGLP,False,False,False,False,False,True,False,False,False,False,1
3387,MRVMAPRT,False,False,False,False,False,True,False,False,False,False,1
3388,RVMAPRTL,False,False,False,False,False,True,False,False,False,False,1
3389,VMAPRTLI,False,False,False,False,False,True,False,False,False,True,2
3390,MAPRTLIL,False,False,False,False,False,True,False,False,False,True,2
3391,APRTLILL,False,False,False,False,False,True,False,False,False,False,1
3392,PRTLILLL,False,False,False,True,True,True,False,False,False,False,3
3393,RTLILLLS,False,False,False,False,False,True,False,False,False,False,1
3394,TLILLLSG,False,True,False,False,True,True,True,False,False,False,4
3395,LILLLSGA,False,False,False,False,False,True,False,False,False,False,1
3396,ILLLSGAL,False,False,False,False,False,True,False,False,False,False,1
3397,SGALALTE,False,False,False,False,False,True,False,False,False,False,1
3398,GALALTET,False,False,False,False,False,True,False,False,False,False,1
3399,SMRYFFTA,False,False,False,False,False,True,False,False,False,False,1
3400,MRYFFTAV,False,False,False,False,False,True,False,False,False,False,1
3401,RYFFTAVA,False,False,False,False,False,True,False,False,False,False,1
3402,YFFTAVAP,False,False,False,False,False,True,False,False,False,False,1
3403,FFTAVAPP,False,False,False,False,False,True,False,False,False,False,1
3404,FTAVAPPG,False,False,False,False,False,True,False,False,False,False,1
3405,TAVAPPGR,False,False,False,False,False,True,False,False,False,False,1
3406,AVAPPGRG,False,False,False,False,False,True,False,False,False,False,1
3407,VAPPGRGE,False,False,False,False,False,True,False,False,False,False,1
3408,APPGRGEP,False,False,False,False,False,True,False,False,False,False,1
3409,PPGRGEPR,False,False,False,False,False,True,False,False,False,False,1
3410,RFDSDAAN,False,False,False,False,False,True,False,False,False,False,1
3411,FDSDAANT,False,False,False,False,False,True,False,False,False,False,1
3412,DSDAANTR,False,False,False,False,False,True,False,False,False,False,1
3413,SDAANTRG,False,False,False,False,False,True,False,False,False,False,1
3414,DAANTRGE,False,False,False,False,False,True,False,False,False,False,1
3415,AANTRGEP,False,False,False,False,False,True,False,False,False,False,1
3416,ANTRGEPR,False,False,False,False,False,True,False,False,False,False,1
3417,NTRGEPRA,False,False,False,False,False,True,False,False,False,False,1
3418,TRGEPRAP,False,False,False,False,False,True,False,True,False,False,2
3419,RGEPRAPW,False,False,False,True,False,True,False,False,False,False,2
3420,GEPRAPWV,False,False,False,True,False,True,False,False,False,False,2
3421,EPRAPWVE,False,False,False,True,False,True,False,False,False,False,2
3422,PRAPWVEQ,False,False,False,True,False,True,False,False,False,False,2
3423,RAPWVEQE,False,False,False,True,False,True,False,False,False,False,2
3424,APWVEQEG,False,False,False,True,False,True,False,True,False,False,3
3425,PWVEQEGP,False,False,False,True,False,True,False,True,False,False,3
3426,WVEQEGPE,False,False,False,True,False,True,False,True,False,False,3
3427,VEQEGPEY,False,False,False,True,False,True,False,True,False,False,3
3428,YWDRETQK,False,False,False,True,False,True,False,False,False,False,2
3429,WDRETQKY,False,False,False,True,False,True,False,False,False,False,2
3430,DRETQKYK,False,False,False,True,False,True,False,False,False,False,2
3431,RETQKYKR,False,False,False,True,False,True,False,False,False,False,2
3432,ETQKYKRQ,False,False,False,True,False,True,False,False,False,False,2
3433,TQKYKRQA,False,False,False,True,False,True,False,False,False,False,2
3434,QKYKRQAQ,False,False,False,True,False,True,False,False,False,False,2
3435,KYKRQAQT,False,False,False,False,False,True,False,False,False,False,1
3436,YKRQAQTD,False,False,False,False,False,True,False,False,False,False,1
3437,KRQAQTDR,False,False,False,False,False,True,False,False,False,False,1
3438,RQAQTDRV,False,False,False,False,False,True,False,False,False,False,1
3439,QAQTDRVS,False,False,False,False,False,True,False,False,False,False,1
3440,AQTDRVSL,False,False,False,False,False,True,False,False,False,False,1
3441,QTDRVSLR,False,False,False,False,False,True,False,False,False,False,1
3442,TDRVSLRK,False,False,False,False,False,True,False,False,False,False,1
3443,DRVSLRKL,False,False,False,False,False,True,False,False,False,False,1
3444,RVSLRKLR,False,False,False,False,False,True,False,False,False,False,1
3445,VSLRKLRG,False,False,False,False,False,True,False,False,False,False,1
3446,SLRKLRGY,False,False,False,False,False,True,False,False,False,False,1
3447,LRKLRGYY,False,False,False,False,False,True,False,False,False,False,1
3448,RKLRGYYN,False,False,False,False,False,True,False,False,False,False,1
3449,KLRGYYNQ,False,False,False,False,False,True,False,False,False,False,1
3450,SEDGSHTF,False,False,False,False,False,True,False,False,False,False,1
3451,EDGSHTFQ,False,False,False,False,False,True,False,False,False,False,1
3452,DGSHTFQR,False,False,False,False,False,True,False,False,False,False,1
3453,SHTFQRMY,False,False,False,False,False,True,False,True,False,False,2
3454,HTFQRMYG,False,False,False,False,False,True,False,True,False,False,2
3455,TFQRMYGC,False,False,False,False,False,True,False,True,False,False,2
3456,FQRMYGCD,False,False,False,False,False,True,False,False,False,False,1
3457,MYGCDVGP,False,False,False,True,False,True,False,True,False,False,3
3458,YGCDVGPD,False,False,False,True,False,True,False,True,False,False,3
3459,VGPDGRLQ,False,False,False,False,False,True,False,False,False,False,1
3460,GPDGRLQR,False,False,False,False,False,True,False,False,False,False,1
3461,PDGRLQRG,False,False,False,False,False,True,False,False,False,False,1
3462,DGRLQRGY,False,False,False,False,False,True,False,False,False,False,1
3463,GRLQRGYD,False,False,False,False,False,True,False,False,False,False,1
3464,RLQRGYDQ,False,False,False,False,False,True,False,False,False,False,1
3465,LQRGYDQL,False,True,False,False,False,True,False,False,False,False,2
3466,QRGYDQLA,False,False,False,False,False,True,False,False,False,False,1
3467,RGYDQLAY,False,False,False,False,False,True,False,False,False,False,1
3468,GYDQLAYD,False,False,False,False,False,True,False,False,False,False,1
3469,YDQLAYDG,False,False,False,False,False,True,False,False,False,False,1
3470,DQLAYDGK,False,False,False,False,False,True,False,False,False,False,1
3471,RSWTAADT,False,False,False,True,False,True,False,False,False,False,2
3472,EAARWAER,False,False,False,False,False,True,False,False,False,False,1
3473,AARWAERQ,False,False,False,False,False,True,False,False,False,False,1
3474,ARWAERQR,False,False,False,False,False,True,False,False,False,False,1
3475,RWAERQRA,False,False,False,False,False,True,False,False,False,False,1
3476,WAERQRAY,False,False,False,False,False,True,False,False,False,False,1
3477,AERQRAYL,False,False,False,False,False,True,False,False,False,False,1
3478,ERQRAYLE,False,False,False,False,False,True,False,False,False,False,1
3479,RQRAYLEG,False,False,False,False,False,True,False,False,False,False,1
3480,QRAYLEGL,False,False,False,False,False,True,False,False,False,False,1
3481,TWQRDGEE,False,False,False,True,False,True,False,False,False,False,2
3482,WQRDGEEQ,False,False,False,True,False,True,False,False,False,False,2
3483,QRDGEEQT,False,False,False,True,False,True,False,False,False,False,2
3484,RDGEEQTQ,False,False,False,True,False,True,False,False,False,False,2
3485,DGEEQTQD,False,False,False,True,False,True,False,False,False,False,2
3486,GEEQTQDI,False,False,False,False,False,True,False,False,False,False,1
3487,EEQTQDIE,False,False,False,False,False,True,False,False,False,False,1
3488,EQTQDIEL,False,False,False,False,False,True,False,False,False,False,1
3489,QTQDIELV,False,False,False,False,False,True,False,False,False,False,1
3490,TQDIELVE,False,False,False,False,False,True,False,False,False,False,1
3491,QDIELVET,False,False,False,False,False,True,False,False,False,False,1
3492,DIELVETR,False,False,False,False,False,True,False,False,False,False,1
3493,IELVETRP,False,False,False,False,False,True,False,False,False,False,1
3494,TFQKWAAM,False,False,False,False,False,True,False,False,False,False,1
3495,FQKWAAMV,False,False,False,False,False,True,False,False,False,False,1
3496,QKWAAMVV,False,False,False,False,False,True,False,False,False,False,1
3497,KWAAMVVP,False,False,False,False,False,True,False,False,False,False,1
3498,WAAMVVPS,False,False,False,False,False,True,False,False,False,False,1
3499,AAMVVPSG,False,False,False,False,False,True,False,False,False,False,1
3500,AMVVPSGE,False,False,False,False,False,True,False,False,False,False,1
3501,MVVPSGEE,False,False,False,False,False,True,False,False,False,False,1
3502,YTCHVQHK,False,False,False,False,False,True,False,False,False,False,1
3503,TCHVQHKG,False,False,False,False,False,True,False,False,False,False,1
3504,CHVQHKGL,False,False,False,False,False,True,False,False,False,False,1
3505,HVQHKGLL,False,False,False,False,False,True,False,False,False,False,1
3506,VQHKGLLE,False,False,False,False,False,True,False,False,False,False,1
3507,QHKGLLEP,False,False,False,False,False,True,False,False,False,False,1
3508,HKGLLEPL,False,False,False,False,False,True,False,False,False,False,1
3509,KGLLEPLT,False,False,False,False,False,True,False,False,False,False,1
3510,GLLEPLTL,False,False,False,False,False,True,False,False,False,False,1
3511,LLEPLTLR,False,False,False,False,False,True,False,False,False,False,1
3512,LEPLTLRW,False,False,False,False,False,True,False,False,False,False,1
3513,LAVLAVVF,False,False,False,False,False,True,False,False,False,False,1
3514,AVLAVVFT,False,False,False,False,False,True,False,False,False,False,1
3515,VLAVVFTG,False,False,False,False,False,True,False,False,False,False,1
3516,LAVVFTGT,False,False,False,False,False,True,False,False,False,False,1
3517,AVVFTGTV,False,False,False,False,False,True,False,False,False,False,1
3518,VVFTGTVV,False,False,False,False,False,True,False,False,False,False,1
3519,VFTGTVVA,False,False,False,False,False,True,False,False,False,False,1
3520,FTGTVVAA,False,False,False,False,False,True,False,False,False,False,1
3521,TGTVVAAV,False,False,False,False,False,True,False,False,False,False,1
3522,GTVVAAVM,False,False,False,False,False,True,False,False,False,False,1
3523,TVVAAVMC,False,False,False,False,False,True,False,False,False,False,1
3524,SGGKGGSC,False,False,False,True,False,True,False,False,False,False,2
3525,GGKGGSCS,False,False,False,True,True,True,False,False,False,False,3
3526,GKGGSCSQ,False,False,False,True,False,True,False,False,False,False,2
3527,KGGSCSQA,False,False,False,True,False,True,False,False,False,False,2
3528,GGSCSQAA,False,False,False,True,False,True,False,False,False,False,2
3529,GSCSQAAC,False,False,False,True,False,True,False,False,False,False,2
3530,SCSQAACS,False,False,False,True,False,True,False,False,False,False,2
3531,CSQAACSN,False,False,False,True,False,True,False,False,False,False,2
3532,SQAACSNS,False,False,False,True,False,True,False,False,False,False,2
3533,QAACSNSA,False,False,False,True,False,True,False,False,False,False,2
3534,AACSNSAQ,False,False,False,True,False,True,False,False,False,False,2
3535,ACSNSAQG,False,False,False,True,False,True,False,False,False,False,2
3536,CSNSAQGS,False,False,False,True,False,True,False,False,False,False,2
3537,SNSAQGSD,False,False,False,True,False,True,False,False,False,False,2
3538,NSAQGSDE,False,False,False,True,False,True,False,False,False,False,2
3539,SAQGSDES,False,False,False,True,False,True,False,False,False,False,2
3540,AQGSDESL,False,False,False,True,False,True,False,False,False,False,2
3541,QGSDESLI,False,False,False,True,False,True,False,False,False,False,2
3542,GSDESLIA,False,False,False,False,False,True,False,False,False,False,1
3543,SDESLIAC,False,False,False,False,False,True,False,False,False,False,1
3544,DESLIACK,False,False,False,False,False,True,False,False,False,False,1
3545,ESLIACKA,False,False,False,False,False,True,False,False,False,False,1
3546,LLLLLSGG,False,False,False,True,False,True,False,False,False,False,2
3547,LLLLSGGL,False,False,False,True,False,True,False,False,False,False,2
3548,LLLSGGLA,False,False,False,True,False,True,False,False,False,False,2
3549,LLSGGLAL,False,False,False,True,False,True,False,False,False,False,2
3550,LSGGLALT,False,False,False,True,False,True,False,False,False,False,2
3551,SGGLALTE,False,False,False,True,False,True,False,False,False,False,2
3552,GGLALTET,False,False,False,True,False,True,False,False,False,False,2
3553,GLALTETW,False,False,False,True,False,True,False,False,False,False,2
3554,TWAGSHSL,False,False,False,True,False,True,False,True,False,False,3
3555,WAGSHSLR,False,False,False,True,False,True,False,True,False,False,3
3556,AGSHSLRY,False,False,False,True,False,True,False,True,False,False,3
3557,GSHSLRYF,False,False,False,True,False,True,False,True,False,False,3
3558,SHSLRYFD,False,False,False,False,False,True,False,False,False,False,1
3559,HSLRYFDT,False,False,False,False,False,True,False,False,False,False,1
3560,SLRYFDTA,False,False,False,False,False,True,False,False,False,False,1
3561,LRYFDTAV,False,False,False,False,False,True,False,False,False,False,1
3562,AVSRPGRR,False,False,False,False,False,True,False,False,False,False,1
3563,VSRPGRRE,False,True,False,False,False,True,False,False,False,False,2
3564,SRPGRREP,False,False,False,False,False,True,False,False,False,False,1
3565,RPGRREPR,False,False,False,False,False,True,False,False,False,False,1
3566,PGRREPRF,False,False,False,False,False,True,False,False,False,False,1
3567,GRREPRFI,False,False,False,False,False,True,False,False,False,False,1
3568,RREPRFIS,False,False,False,False,False,True,False,False,False,False,1
3569,REPRFISV,False,False,False,False,False,True,False,False,False,False,1
3570,SDAASPRG,False,False,False,True,False,True,False,False,False,False,2
3571,DAASPRGE,False,False,False,True,False,True,False,False,False,False,2
3572,AASPRGEP,False,False,False,True,False,True,False,False,False,False,2
3573,ASPRGEPR,False,False,False,True,False,True,False,False,False,False,2
3574,SPRGEPRA,False,False,False,True,False,True,False,False,False,False,2
3575,PRGEPRAP,False,False,False,True,False,True,False,False,False,False,2
3576,KYKRQAQA,False,False,False,True,False,True,False,False,False,False,2
3577,YKRQAQAD,False,False,False,True,False,True,False,False,False,False,2
3578,KRQAQADR,False,False,False,True,False,True,False,False,False,False,2
3579,RQAQADRV,False,False,False,True,False,True,False,False,False,False,2
3580,QAQADRVS,False,False,False,True,False,True,False,False,False,False,2
3581,AQADRVSL,False,False,False,True,False,True,False,False,False,False,2
3582,QADRVSLR,False,False,False,True,False,True,False,False,False,False,2
3583,ADRVSLRN,False,False,False,True,False,True,False,False,False,False,2
3584,DRVSLRNL,False,False,False,True,False,True,False,False,False,False,2
3585,RVSLRNLR,False,False,False,True,False,True,False,False,False,False,2
3586,VSLRNLRG,False,False,False,True,False,True,False,False,False,False,2
3587,SEDGSHTL,False,False,False,True,False,True,False,False,False,False,2
3588,EDGSHTLQ,False,False,False,True,False,True,False,False,False,False,2
3589,DGSHTLQW,False,False,False,False,False,True,False,False,False,False,1
3590,GSHTLQWM,False,False,False,True,False,True,False,True,False,False,3
3591,SHTLQWMY,False,False,False,False,False,True,False,True,False,False,2
3592,HTLQWMYG,False,False,False,False,False,True,False,True,False,False,2
3593,TLQWMYGC,False,False,False,False,False,True,False,True,False,False,2
3594,LQWMYGCD,False,False,False,False,False,True,False,True,False,False,2
3595,LLRGYGQS,False,False,False,False,False,True,False,False,False,False,1
3596,LRGYGQSA,False,False,False,False,False,True,False,False,False,False,1
3597,RGYGQSAY,False,False,False,False,False,True,False,False,False,False,1
3598,GYGQSAYD,False,False,False,False,False,True,False,False,False,False,1
3599,YGQSAYDG,False,False,False,False,False,True,False,False,False,False,1
3600,GQSAYDGK,False,False,False,False,False,True,False,False,False,False,1
3601,LRAYLEGK,False,False,False,False,False,True,False,False,False,False,1
3602,RAYLEGKR,False,False,False,False,False,True,False,False,False,False,1
3603,AYLEGKRV,False,False,False,False,False,True,False,False,False,False,1
3604,YLEGKRVE,False,False,False,False,False,True,False,False,False,False,1
3605,LEGKRVES,False,False,False,False,False,True,False,False,False,False,1
3606,EGKRVESC,False,False,False,False,False,True,False,False,False,False,1
3607,GKRVESCR,False,False,False,False,False,True,False,False,False,False,1
3608,KRVESCRR,False,False,False,False,False,True,False,False,False,False,1
3609,RVESCRRY,False,False,False,False,False,True,False,False,False,False,1
3610,VESCRRYL,False,False,False,False,False,True,False,False,False,False,1
3611,ESCRRYLE,False,False,False,False,False,True,False,False,False,False,1
3612,SCRRYLEN,False,False,False,False,False,True,False,False,False,False,1
3613,CRRYLENG,False,False,False,False,False,True,False,False,False,False,1
3614,KETLQRTE,False,False,False,False,False,True,False,False,False,False,1
3615,ETLQRTEC,False,False,False,False,False,True,False,False,False,False,1
3616,TLQRTECP,False,False,False,False,False,True,False,False,False,False,1
3617,LQRTECPK,False,False,False,False,False,True,False,False,False,False,1
3618,QRTECPKT,False,False,False,False,False,True,False,False,False,False,1
3619,RTECPKTH,False,False,False,False,False,True,False,False,False,False,1
3620,TECPKTHM,False,False,False,False,False,True,False,False,False,False,1
3621,ECPKTHMT,False,False,False,False,False,True,False,False,False,False,1
3622,CPKTHMTH,False,False,False,False,False,True,False,False,False,False,1
3623,TLRCWALA,False,False,False,False,False,True,False,False,False,False,1
3624,LRCWALAF,False,False,False,False,False,True,False,False,False,False,1
3625,RCWALAFY,False,False,False,False,False,True,False,False,False,False,1
3626,CWALAFYP,False,False,False,False,False,True,False,False,False,False,1
3627,WALAFYPA,False,False,False,False,False,True,False,False,False,False,1
3628,ALAFYPAE,False,False,False,False,False,True,False,False,False,False,1
3629,LAFYPAEI,False,False,False,False,False,True,False,False,False,False,1
3630,AFYPAEIT,False,False,False,False,False,True,False,False,False,False,1
3631,QRDGEDQI,False,False,False,False,False,True,False,False,False,False,1
3632,RDGEDQIQ,False,False,False,False,False,True,False,False,False,False,1
3633,DGEDQIQD,False,False,False,False,False,True,False,False,False,False,1
3634,GEDQIQDT,False,False,False,False,False,True,False,False,False,False,1
3635,EDQIQDTE,False,False,False,False,False,True,False,False,False,False,1
3636,DQIQDTEL,False,False,False,False,False,True,False,False,False,False,1
3637,QIQDTELV,False,False,False,False,False,True,False,False,False,False,1
3638,IQDTELVE,False,False,False,False,False,True,False,True,False,False,2
3639,EPLTLRWK,False,False,False,False,False,True,False,True,False,False,2
3640,PLTLRWKP,False,False,False,False,False,True,False,False,False,False,1
3641,LTLRWKPT,False,False,False,False,False,True,False,False,False,False,1
3642,TLRWKPTS,False,False,False,False,False,True,False,False,False,False,1
3643,LRWKPTSQ,False,False,False,False,False,True,False,False,False,False,1
3644,RWKPTSQP,False,False,False,False,False,True,False,False,False,False,1
3645,WKPTSQPT,False,False,False,False,False,True,False,False,False,False,1
3646,KPTSQPTI,False,False,False,False,False,True,False,False,False,False,1
3647,PTSQPTIP,False,False,False,False,False,True,False,False,False,False,1
3648,TSQPTIPI,False,False,False,False,False,True,False,False,False,False,1
3649,GLAVLAVL,False,True,False,True,False,True,False,True,False,False,4
3650,LAVLAVLA,False,True,False,False,False,True,False,False,False,False,2
3651,AVLAVLAV,False,True,False,False,False,True,False,False,False,False,2
3652,VLAVLAVL,False,True,False,False,False,True,False,False,True,False,3
3653,LAVLAVLG,False,False,False,False,False,True,False,False,False,False,1
3654,AVLAVLGA,False,True,True,False,False,True,False,False,True,False,4
3655,VLAVLGAV,False,True,False,True,False,True,False,False,True,False,4
3656,LAVLGAVV,False,False,False,True,False,True,False,False,False,False,2
3657,AVLGAVVT,False,False,False,True,False,True,False,False,False,False,2
3658,VLGAVVTA,False,False,False,True,False,True,False,False,False,False,2
3659,LGAVVTAM,False,False,False,True,False,True,False,False,False,False,2
3660,GAVVTAMM,False,False,False,True,False,True,False,False,False,False,2
3661,AVVTAMMC,False,False,False,True,False,True,False,False,False,False,2
3662,VVTAMMCR,False,False,False,True,False,True,False,False,False,False,2
3663,VTAMMCRR,False,False,False,True,False,True,False,False,False,False,2
3664,TAMMCRRK,False,False,False,True,False,True,False,False,False,False,2
3665,AMMCRRKS,False,False,False,True,False,True,False,False,False,False,2
3666,MMCRRKSS,False,False,False,True,False,True,False,False,False,False,2
3667,MTIMAPRT,False,False,False,False,False,True,False,False,False,False,1
3668,TIMAPRTL,False,False,False,False,False,True,False,False,False,False,1
3669,LLLSGALS,False,False,False,False,False,True,False,False,False,False,1
3670,LLSGALSV,False,False,False,False,False,True,False,False,False,False,1
3671,LSGALSVT,False,False,False,False,False,True,False,False,False,False,1
3672,SGALSVTE,False,False,False,False,False,True,False,False,False,False,1
3673,GALSVTET,False,False,False,False,False,True,False,False,False,False,1
3674,ALSVTETW,False,False,False,False,False,True,False,False,False,False,1
3675,LSVTETWA,False,False,False,False,False,True,False,False,False,False,1
3676,SVTETWAG,False,False,False,False,False,True,False,False,False,False,1
3677,VTETWAGS,False,False,False,False,False,True,False,False,False,False,1
3678,SMRYFSTT,False,False,False,False,False,True,False,False,False,False,1
3679,MRYFSTTV,False,False,False,False,False,True,False,False,False,False,1
3680,RYFSTTVS,False,False,False,False,False,True,False,False,False,False,1
3681,YFSTTVSR,False,False,False,False,False,True,False,False,False,False,1
3682,FSTTVSRP,False,False,False,False,False,True,False,False,False,False,1
3683,STTVSRPG,False,False,False,False,False,True,False,False,False,False,1
3684,TTVSRPGR,False,False,False,False,False,True,False,False,False,False,1
3685,TVSRPGRG,False,False,False,False,False,True,False,False,False,False,1
3686,RGEPRYIE,False,False,False,False,False,True,False,False,False,False,1
3687,GEPRYIEV,False,False,False,False,False,True,False,False,False,False,1
3688,MEPRAPWV,False,False,False,True,False,True,False,False,False,False,2
3689,QEGPEYWV,False,False,False,False,False,True,False,False,False,False,1
3690,EGPEYWVL,False,False,False,False,False,True,False,False,False,False,1
3691,GPEYWVLQ,False,False,False,False,False,True,False,False,False,False,1
3692,PEYWVLQT,False,False,False,False,False,True,False,False,False,False,1
3693,EYWVLQTR,False,False,False,False,False,True,False,False,False,False,1
3694,YWVLQTRN,False,False,False,False,False,True,False,False,False,False,1
3695,WVLQTRNS,False,False,False,False,False,True,False,False,False,False,1
3696,VLQTRNSK,False,False,False,False,False,True,False,False,False,False,1
3697,LQTRNSKA,False,False,False,False,False,True,False,False,False,False,1
3698,QTRNSKAS,False,False,False,False,False,True,False,False,False,False,1
3699,TRNSKASA,False,False,False,False,False,True,False,False,False,False,1
3700,RNSKASAQ,False,False,False,False,False,True,False,False,False,False,1
3701,NSKASAQT,False,False,False,False,False,True,False,False,False,False,1
3702,SKASAQTF,False,False,False,False,False,True,False,False,False,False,1
3703,KASAQTFR,False,False,False,False,False,True,False,False,False,False,1
3704,ASAQTFRV,False,False,False,False,False,True,False,False,False,False,1
3705,SAQTFRVN,False,False,False,False,False,True,False,False,False,False,1
3706,FRVNLQTL,False,False,False,False,False,True,False,False,False,False,1
3707,RVNLQTLL,False,False,False,False,False,True,False,False,False,False,1
3708,VNLQTLLG,False,False,False,False,False,True,False,False,False,False,1
3709,NLQTLLGY,False,False,False,False,False,True,False,False,False,False,1
3710,YNQSEAGF,False,False,False,False,False,True,False,False,False,False,1
3711,NQSEAGFH,False,False,False,False,False,True,False,False,False,False,1
3712,QSEAGFHT,False,False,False,False,False,True,False,False,False,False,1
3713,SEAGFHTI,False,False,False,False,False,True,False,False,False,False,1
3714,EAGFHTIQ,False,False,False,False,False,True,False,False,False,False,1
3715,AGFHTIQW,False,False,False,False,False,True,False,False,False,False,1
3716,GFHTIQWM,False,False,False,False,False,True,False,False,False,False,1
3717,FHTIQWMY,False,False,False,False,False,True,False,False,False,False,1
3718,GRLLRGYH,False,False,False,True,False,True,False,False,False,False,2
3719,RLLRGYHQ,False,False,False,True,False,True,False,False,False,False,2
3720,LLRGYHQY,False,False,False,False,False,True,False,False,False,False,1
3721,LRGYHQYA,False,False,False,False,False,True,False,False,False,False,1
3722,RGYHQYAY,False,False,False,False,False,True,False,False,False,False,1
3723,GYHQYAYD,False,False,False,False,False,True,False,False,False,False,1
3724,YHQYAYDG,False,False,False,False,False,True,False,False,False,False,1
3725,HQYAYDGK,False,False,False,False,False,True,False,False,False,False,1
3726,RSWTAADA,False,False,False,False,False,True,False,False,False,False,1
3727,SWTAADAA,False,False,False,False,False,True,False,False,False,False,1
3728,WTAADAAA,False,False,False,False,False,True,False,False,False,False,1
3729,TAADAAAQ,False,False,False,False,False,True,False,False,False,False,1
3730,AADAAAQI,False,False,False,False,False,True,False,False,False,False,1
3731,ADAAAQIT,False,False,False,False,False,True,False,False,False,False,1
3732,DAAAQITQ,False,False,False,False,False,True,False,False,False,False,1
3733,AAAQITQR,False,False,False,False,False,True,False,False,False,False,1
3734,QITQRKWA,False,False,False,False,False,True,False,False,False,False,1
3735,ITQRKWAE,False,False,False,False,False,True,False,False,False,False,1
3736,TQRKWAEA,False,False,False,False,False,True,False,False,False,False,1
3737,QRKWAEAN,False,False,False,False,False,True,False,False,False,False,1
3738,RKWAEANA,False,False,False,False,False,True,False,False,False,False,1
3739,KWAEANAA,False,False,False,False,False,True,False,False,False,False,1
3740,WAEANAAE,False,False,False,False,False,True,False,False,False,False,1
3741,AEANAAEG,False,False,False,False,False,True,False,False,False,False,1
3742,EANAAEGM,False,False,False,False,False,True,False,False,False,False,1
3743,ANAAEGMR,False,False,False,False,False,True,False,False,False,False,1
3744,NAAEGMRA,False,False,False,False,False,True,False,False,False,False,1
3745,AAEGMRAY,False,False,False,False,False,True,False,False,False,False,1
3746,AEGMRAYL,False,False,False,False,False,True,False,False,False,False,1
3747,EGMRAYLE,False,False,False,False,False,True,False,False,False,False,1
3748,GMRAYLEG,False,False,False,False,False,True,False,False,False,False,1
3749,MRAYLEGT,False,False,False,False,False,True,False,False,False,False,1
3750,HLENGKEM,False,False,False,False,False,True,False,False,False,False,1
3751,LENGKEML,False,False,False,True,False,True,False,False,False,False,2
3752,ENGKEMLQ,False,False,False,True,False,True,False,False,False,False,2
3753,NGKEMLQR,False,False,False,True,False,True,False,False,False,False,2
3754,GKEMLQRA,False,False,False,True,False,True,False,False,False,False,2
3755,KEMLQRAE,False,False,False,False,False,True,False,False,False,False,1
3756,EMLQRAEP,False,False,False,False,False,True,False,False,False,False,1
3757,MLQRAEPP,False,False,False,False,False,True,False,False,False,False,1
3758,QRDGEDQA,False,False,False,False,False,True,False,False,False,False,1
3759,RDGEDQAQ,False,False,False,False,False,True,False,False,False,False,1
3760,DGEDQAQD,False,False,False,False,False,True,False,False,False,False,1
3761,GEDQAQDM,False,False,False,False,False,True,False,False,False,False,1
3762,EDQAQDME,False,False,False,False,False,True,False,False,False,False,1
3763,DQAQDMEL,False,False,False,False,False,True,False,False,False,False,1
3764,QAQDMELV,False,False,False,False,False,True,False,False,False,False,1
3765,AQDMELVE,False,False,False,False,False,True,False,False,False,False,1
3766,VLSGEEHK,False,False,False,False,False,True,False,False,False,False,1
3767,LSGEEHKY,False,False,False,False,False,True,False,False,False,False,1
3768,SGEEHKYT,False,False,False,False,False,True,False,False,False,False,1
3769,GEEHKYTC,False,False,False,False,False,True,False,False,False,False,1
3770,EEHKYTCH,False,False,False,False,False,True,False,False,False,False,1
3771,EHKYTCHV,False,False,False,False,False,True,False,False,False,False,1
3772,HKYTCHVQ,False,False,False,False,False,True,False,False,False,False,1
3773,KYTCHVQH,False,False,False,False,False,True,False,False,False,False,1
3774,HEGLPEPF,False,False,False,False,False,True,False,False,False,False,1
3775,EGLPEPFT,False,False,False,False,False,True,False,False,False,False,1
3776,GLPEPFTL,False,False,False,False,False,True,False,False,False,False,1
3777,LPEPFTLR,False,False,False,False,False,True,False,False,False,False,1
3778,PEPFTLRW,False,False,False,False,False,True,False,False,False,False,1
3779,EPFTLRWE,False,False,False,False,False,True,False,False,False,False,1
3780,PFTLRWEP,False,False,False,False,False,True,False,False,False,False,1
3781,FTLRWEPP,False,False,False,False,False,True,False,False,False,False,1
3782,APRTLILP,False,False,False,False,False,True,False,False,False,False,1
3783,PRTLILPL,False,False,False,False,False,True,False,False,False,False,1
3784,RTLILPLS,False,False,False,False,False,True,False,False,False,False,1
3785,TLILPLSG,False,False,False,False,False,True,False,False,False,False,1
3786,LILPLSGA,False,False,False,False,False,True,False,False,False,False,1
3787,ILPLSGAL,False,False,False,False,False,True,False,False,False,False,1
3788,LPLSGALA,False,False,False,False,False,True,False,False,False,False,1
3789,PLSGALAL,False,False,False,False,False,True,False,False,False,False,1
3790,QAQTDRVN,False,False,False,False,False,True,False,False,False,False,1
3791,AQTDRVNL,False,False,False,False,False,True,False,False,False,False,1
3792,QTDRVNLR,False,False,False,False,False,True,False,False,False,False,1
3793,TDRVNLRK,False,False,False,False,False,True,False,False,False,False,1
3794,DRVNLRKL,False,False,False,False,False,True,False,False,False,False,1
3795,RVNLRKLR,False,False,False,False,False,True,False,False,False,False,1
3796,VNLRKLRG,False,False,False,False,False,True,False,False,False,False,1
3797,NLRKLRGY,False,False,False,False,False,True,False,False,False,False,1
3798,DGSHTLQS,False,False,False,False,False,True,False,False,False,False,1
3799,GSHTLQSM,False,False,False,True,False,True,False,False,False,False,2
3800,SHTLQSMY,False,False,False,True,False,True,False,False,False,False,2
3801,HTLQSMYG,False,False,False,True,False,True,False,False,False,False,2
3802,TLQSMYGC,False,False,False,True,False,True,False,False,False,False,2
3803,LQSMYGCD,False,False,False,True,False,True,False,False,False,False,2
3804,QSMYGCDL,False,False,False,False,False,True,False,False,False,False,1
3805,SMYGCDLG,False,False,False,False,False,True,False,False,False,False,1
3806,LLRGYSQF,False,False,False,False,False,True,False,False,False,False,1
3807,LRGYSQFA,False,False,False,False,False,True,False,False,False,False,1
3808,RGYSQFAY,False,False,False,False,False,True,False,False,False,False,1
3809,GYSQFAYD,False,False,False,False,False,True,False,False,False,False,1
3810,YSQFAYDG,False,False,False,False,False,True,False,False,False,False,1
3811,SQFAYDGK,False,False,False,False,False,True,False,False,False,False,1
3812,QFAYDGKD,False,False,False,True,False,True,False,False,False,False,2
3813,FAYDGKDY,False,False,False,True,False,True,False,False,False,False,2
3814,AADTAAQV,False,False,False,False,False,True,False,False,False,False,1
3815,ADTAAQVT,False,False,False,False,False,True,False,False,False,False,1
3816,DTAAQVTQ,False,False,False,False,False,True,False,False,False,False,1
3817,TAAQVTQR,False,False,False,False,False,True,False,False,False,False,1
3818,AAQVTQRK,False,False,False,False,False,True,False,False,False,False,1
3819,AQVTQRKW,False,False,False,False,False,True,False,False,False,False,1
3820,QVTQRKWE,False,False,False,False,False,True,False,False,False,False,1
3821,VTQRKWEA,False,False,False,False,False,True,False,False,False,False,1
3822,RKWEAARV,False,False,False,False,False,True,False,False,False,False,1
3823,KWEAARVA,False,False,False,False,False,True,False,False,False,False,1
3824,WEAARVAE,False,False,False,False,False,True,False,False,False,False,1
3825,EAARVAEQ,False,False,False,False,False,True,False,False,False,False,1
3826,AARVAEQE,False,False,False,False,False,True,False,False,False,False,1
3827,ARVAEQER,False,False,False,False,False,True,False,False,False,False,1
3828,RVAEQERA,False,False,False,False,False,True,False,False,False,False,1
3829,VAEQERAY,False,False,False,False,False,True,False,False,False,False,1
3830,THVTHHPL,False,False,False,True,False,True,False,False,False,False,2
3831,HVTHHPLS,False,False,False,True,False,True,False,False,False,False,2
3832,VTHHPLSD,False,False,False,True,False,True,False,False,False,False,2
3833,THHPLSDH,False,False,False,True,False,True,False,False,False,False,2
3834,HHPLSDHE,False,False,False,True,False,True,False,False,False,False,2
3835,HPLSDHEA,False,False,False,True,False,True,False,False,False,False,2
3836,PLSDHEAT,False,False,False,True,False,True,False,False,False,False,2
3837,LSDHEATL,False,False,False,True,False,True,False,False,False,False,2
3838,EQRYTCHM,False,False,False,True,False,True,False,False,False,False,2
3839,QRYTCHMQ,False,False,False,True,False,True,False,False,False,False,2
3840,RYTCHMQH,False,False,False,True,False,True,False,False,False,False,2
3841,YTCHMQHE,False,False,False,True,False,True,False,False,False,False,2
3842,TCHMQHEG,False,False,False,True,False,True,False,False,False,False,2
3843,CHMQHEGL,False,False,False,True,False,True,False,False,False,False,2
3844,HMQHEGLP,False,False,False,False,False,True,False,False,False,False,1
3845,MQHEGLPE,False,False,False,False,False,True,False,False,False,False,1
3846,IPIVGIVV,False,False,False,False,False,True,False,False,False,False,1
3847,PIVGIVVG,False,False,False,False,False,True,False,False,False,False,1
3848,IVGIVVGL,False,False,False,True,False,True,False,True,True,False,4
3849,VGIVVGLA,False,False,False,False,False,True,False,False,False,False,1
3850,GIVVGLAV,False,False,False,False,False,True,False,False,False,False,1
3851,IVVGLAVL,False,False,False,False,False,True,False,False,False,False,1
3852,VVGLAVLV,False,True,False,False,False,True,False,False,False,False,2
3853,VGLAVLVV,False,False,False,False,False,True,False,False,False,False,1
3854,GLAVLVVL,False,True,False,True,False,True,False,False,False,False,3
3855,LAVLVVLA,False,False,False,True,False,True,False,False,False,False,2
3856,AVLVVLAV,False,False,False,True,False,True,False,False,False,False,2
3857,VLVVLAVL,False,False,False,True,True,True,False,False,False,False,3
3858,LVVLAVLG,False,False,False,True,False,True,False,False,False,False,2
3859,VVLAVLGA,False,False,False,True,False,True,False,False,False,False,2
3860,GSDESLIT,False,False,False,True,False,True,False,False,False,False,2
3861,SDESLITC,False,False,False,True,False,True,False,False,False,False,2
3862,DESLITCK,False,False,False,True,False,True,False,False,False,False,2
3863,ESLITCKA,False,False,False,True,False,True,False,False,False,False,2
3864,AQITQRKL,False,False,False,True,False,True,False,False,False,False,2
3865,QITQRKLE,False,False,False,True,False,True,False,False,False,False,2
3866,ITQRKLEA,False,False,False,True,False,True,False,False,False,False,2
3867,TQRKLEAA,False,False,False,True,False,True,False,False,False,False,2
3868,QRKLEAAR,False,False,False,True,False,True,False,False,False,False,2
3869,RKLEAARA,False,False,False,True,False,True,False,False,False,False,2
3870,KLEAARAA,False,False,True,True,False,True,False,False,False,False,3
3871,LEAARAAE,False,False,False,True,False,True,False,False,False,False,2
3872,AARAAEQQ,False,False,False,False,False,True,False,False,False,False,1
3873,ARAAEQQR,False,False,False,False,False,True,False,False,False,False,1
3874,RAAEQQRA,False,False,False,False,False,True,False,False,False,False,1
3875,AAEQQRAY,False,False,False,False,False,True,False,False,False,False,1
3876,AEQQRAYL,False,False,False,False,False,True,False,False,False,False,1
3877,EQQRAYLE,False,False,False,False,False,True,False,False,False,False,1
3878,QQRAYLEG,False,False,False,False,False,True,False,False,False,False,1
3879,MAPRSLLL,False,False,False,True,False,True,False,False,False,False,2
3880,APRSLLLL,False,False,False,True,False,True,False,True,False,False,3
3881,PRSLLLLF,False,False,False,False,False,True,False,False,False,False,1
3882,RSLLLLFS,False,False,False,False,False,True,False,False,False,False,1
3883,SLLLLFSG,False,True,False,False,False,True,False,False,False,False,2
3884,LLLLFSGA,False,True,False,True,False,True,False,True,True,False,5
3885,LLLFSGAL,False,False,False,False,False,True,False,False,False,False,1
3886,LLFSGALA,False,False,False,False,False,True,False,False,False,False,1
3887,LFSGALAL,False,False,False,False,False,True,False,False,False,False,1
3888,FSGALALT,False,False,False,False,False,True,False,False,False,False,1
3889,SHSLRYFS,False,False,False,True,False,True,False,False,False,False,2
3890,HSLRYFST,False,False,False,True,False,True,False,False,False,False,2
3891,SLRYFSTA,False,False,False,True,False,True,False,False,False,False,2
3892,LRYFSTAV,False,False,False,True,False,True,False,False,False,False,2
3893,RGEPRYIA,False,False,False,True,False,True,False,False,False,False,2
3894,GEPRYIAV,False,False,False,True,False,True,False,False,False,False,2
3895,EPRYIAVE,False,False,False,True,False,True,False,False,False,False,2
3896,PRYIAVEY,False,False,False,True,False,True,False,False,False,False,2
3897,RYIAVEYV,False,False,False,True,False,True,False,False,False,False,2
3898,YIAVEYVD,False,False,False,True,False,True,False,False,False,False,2
3899,IAVEYVDD,False,False,False,True,False,True,False,False,False,False,2
3900,AVEYVDDT,False,False,False,True,False,True,False,False,False,False,2
3901,VEYVDDTQ,False,False,False,True,False,True,False,False,False,False,2
3902,EYVDDTQF,False,False,False,True,False,True,False,False,False,False,2
3903,YVDDTQFL,False,False,False,True,False,True,False,False,False,False,2
3904,VDDTQFLR,False,False,False,True,False,True,False,False,False,False,2
3905,DDTQFLRF,False,False,False,True,False,True,False,False,False,False,2
3906,DTQFLRFD,False,False,False,True,False,True,False,False,False,False,2
3907,TQFLRFDS,False,False,False,True,False,True,False,False,False,False,2
3908,QFLRFDSD,False,False,False,True,False,True,False,False,False,False,2
3909,FLRFDSDA,False,False,False,True,False,True,False,False,False,False,2
3910,LRFDSDAA,False,False,False,True,False,True,False,False,False,False,2
3911,RFDSDAAI,False,False,False,True,False,True,False,False,False,False,2
3912,FDSDAAIP,False,False,False,True,False,True,False,False,False,False,2
3913,DSDAAIPR,False,False,False,True,False,True,False,False,False,False,2
3914,SDAAIPRM,False,False,False,True,False,True,False,False,False,False,2
3915,DAAIPRME,False,False,False,True,False,True,False,False,False,False,2
3916,AAIPRMEP,False,False,False,True,False,True,False,False,False,False,2
3917,AIPRMEPR,False,False,False,True,False,True,False,False,False,False,2
3918,IPRMEPRE,False,False,False,True,False,True,False,False,False,False,2
3919,PRMEPREP,False,False,False,True,False,True,False,False,False,False,2
3920,RMEPREPW,False,False,False,True,False,True,False,False,False,False,2
3921,MEPREPWV,False,False,False,True,False,True,False,False,False,False,2
3922,EPREPWVE,False,False,False,True,False,True,False,False,False,False,2
3923,PREPWVEQ,False,False,False,True,False,True,False,False,False,False,2
3924,REPWVEQE,False,False,False,True,False,True,False,False,False,False,2
3925,EPWVEQEG,False,False,False,True,False,True,False,False,False,False,2
3926,WVEQEGPQ,False,False,False,True,False,True,False,False,False,False,2
3927,VEQEGPQY,False,False,False,True,False,True,False,False,False,False,2
3928,EQEGPQYW,False,False,False,True,False,True,False,False,False,False,2
3929,QEGPQYWE,False,False,False,True,False,True,False,False,False,False,2
3930,EGPQYWER,False,False,False,False,False,True,False,False,False,False,1
3931,GPQYWERT,False,False,False,False,False,True,False,False,False,False,1
3932,PQYWERTT,False,False,False,False,False,True,False,False,False,False,1
3933,QYWERTTG,False,False,False,False,False,True,False,False,False,False,1
3934,YWERTTGY,False,False,False,False,False,True,False,False,False,False,1
3935,WERTTGYA,False,False,False,False,False,True,False,False,False,False,1
3936,ERTTGYAK,False,False,False,False,False,True,False,False,False,False,1
3937,RTTGYAKA,False,False,False,False,False,True,False,False,False,False,1
3938,TTGYAKAN,False,False,False,True,False,True,False,False,False,False,2
3939,TGYAKANA,False,False,False,True,False,True,False,False,False,False,2
3940,GYAKANAQ,False,False,False,True,False,True,False,False,False,False,2
3941,YAKANAQT,False,False,False,True,False,True,False,False,False,False,2
3942,AKANAQTD,False,False,False,True,False,True,False,False,False,False,2
3943,KANAQTDR,False,False,False,True,False,True,False,False,False,False,2
3944,ANAQTDRV,False,False,False,True,False,True,False,False,False,False,2
3945,NAQTDRVA,False,False,False,True,False,True,False,False,False,False,2
3946,AQTDRVAL,False,False,False,True,False,True,False,False,False,False,2
3947,QTDRVALR,False,False,False,True,False,True,False,False,False,False,2
3948,TDRVALRN,False,False,False,True,False,True,False,False,False,False,2
3949,DRVALRNL,False,False,False,True,False,True,False,False,False,False,2
3950,RVALRNLL,False,False,False,True,False,True,False,False,False,False,2
3951,VALRNLLR,False,False,False,True,False,True,False,False,False,False,2
3952,ALRNLLRR,False,False,False,True,False,True,False,False,False,False,2
3953,LRNLLRRY,False,False,False,True,True,True,False,False,False,False,3
3954,RNLLRRYN,False,False,False,True,False,True,False,False,False,False,2
3955,NLLRRYNQ,False,False,False,True,False,True,False,False,False,False,2
3956,LLRRYNQS,False,False,False,True,False,True,False,False,False,False,2
3957,LRRYNQSE,False,False,False,True,False,True,False,False,False,False,2
3958,RRYNQSEA,False,False,False,True,False,True,False,False,False,False,2
3959,RYNQSEAG,False,False,False,True,False,True,False,False,False,False,2
3960,SEAGSHTL,False,False,False,True,False,True,False,False,False,False,2
3961,EAGSHTLQ,False,False,False,True,False,True,False,False,False,False,2
3962,AGSHTLQG,False,False,False,True,False,True,False,False,False,False,2
3963,GSHTLQGM,False,False,False,True,False,True,False,False,False,False,2
3964,SHTLQGMN,False,False,False,True,False,True,False,False,False,False,2
3965,HTLQGMNG,False,False,False,True,False,True,False,False,False,False,2
3966,TLQGMNGC,False,False,False,True,False,True,False,False,False,False,2
3967,LQGMNGCD,False,False,False,True,False,True,False,False,False,False,2
3968,QGMNGCDM,False,False,False,True,False,True,False,False,False,False,2
3969,GMNGCDMG,False,False,False,True,False,True,False,False,False,False,2
3970,MNGCDMGP,False,False,False,True,False,True,False,False,False,False,2
3971,NGCDMGPD,False,False,False,True,False,True,False,False,False,False,2
3972,LLRGYHQH,False,False,False,True,False,True,False,False,False,False,2
3973,LRGYHQHA,False,False,False,True,False,True,False,False,False,False,2
3974,RGYHQHAY,False,False,False,True,False,True,False,False,False,False,2
3975,GYHQHAYD,False,False,False,True,False,True,False,False,False,False,2
3976,YHQHAYDG,False,False,False,True,False,True,False,False,False,False,2
3977,HQHAYDGK,False,False,False,True,False,True,False,False,False,False,2
3978,SWTAADTV,False,False,False,True,False,True,False,False,False,False,2
3979,WTAADTVA,False,False,False,True,False,True,False,False,False,False,2
3980,TAADTVAQ,False,False,False,True,False,True,False,False,False,False,2
3981,AADTVAQI,False,False,False,True,False,True,False,False,False,False,2
3982,ADTVAQIT,False,False,False,True,False,True,False,False,False,False,2
3983,DTVAQITQ,False,False,False,True,False,True,False,False,False,False,2
3984,TVAQITQR,False,True,False,True,False,True,False,False,False,False,3
3985,VAQITQRF,False,False,False,True,False,True,False,False,False,False,2
3986,AQITQRFY,False,False,False,True,False,True,False,False,False,False,2
3987,QITQRFYE,False,False,False,True,False,True,False,False,False,False,2
3988,ITQRFYEA,False,False,False,True,False,True,False,False,False,False,2
3989,TQRFYEAE,False,False,False,True,False,True,False,False,False,False,2
3990,QRFYEAEE,False,False,False,True,False,True,False,False,False,False,2
3991,RFYEAEEY,False,False,False,True,False,True,False,False,False,False,2
3992,FYEAEEYA,False,False,False,True,False,True,False,False,False,False,2
3993,YEAEEYAE,False,False,False,True,False,True,False,False,False,False,2
3994,EAEEYAEE,False,False,False,True,False,True,False,False,False,False,2
3995,AEEYAEEF,False,False,False,True,False,True,False,False,False,False,2
3996,EEYAEEFR,False,False,False,True,False,True,False,False,False,False,2
3997,EYAEEFRT,False,False,False,True,False,True,False,False,False,False,2
3998,YAEEFRTY,False,False,False,True,False,True,False,False,False,False,2
3999,AEEFRTYL,False,False,False,True,False,True,False,False,False,False,2
4000,EEFRTYLE,False,False,False,True,False,True,False,False,False,False,2
4001,EFRTYLEG,False,False,False,True,False,True,False,False,False,False,2
4002,FRTYLEGE,False,False,False,True,False,True,False,False,False,False,2
4003,RTYLEGEC,False,False,False,True,False,True,False,False,False,False,2
4004,TYLEGECL,False,False,False,True,False,True,False,False,False,False,2
4005,YLEGECLE,False,False,False,True,False,True,False,False,False,False,2
4006,LEGECLEL,False,False,False,True,False,True,False,False,False,False,2
4007,EGECLELL,False,False,False,True,False,True,False,False,False,False,2
4008,GECLELLR,False,False,False,True,False,True,False,False,False,False,2
4009,ECLELLRR,False,False,False,True,False,True,False,False,False,False,2
4010,CLELLRRY,False,True,False,True,False,True,False,False,False,False,3
4011,LELLRRYL,False,False,False,True,False,True,False,False,False,False,2
4012,ELLRRYLE,False,False,False,True,False,True,False,False,False,False,2
4013,LLRRYLEN,False,False,False,True,False,True,False,False,False,False,2
4014,QRADPPKA,False,False,False,True,False,True,False,False,False,False,2
4015,RADPPKAH,False,False,False,True,False,True,False,False,False,False,2
4016,ADPPKAHI,False,False,False,False,False,True,False,False,False,False,1
4017,DPPKAHIA,False,False,False,False,False,True,False,False,False,False,1
4018,PPKAHIAH,False,False,False,False,False,True,False,False,False,False,1
4019,PKAHIAHH,False,False,False,False,False,True,False,False,False,False,1
4020,KAHIAHHP,False,False,False,False,False,True,False,False,False,False,1
4021,AHIAHHPI,False,False,False,False,False,True,False,False,False,False,1
4022,HIAHHPIS,False,False,False,False,False,True,False,False,False,False,1
4023,IAHHPISD,False,False,False,False,False,True,False,False,False,False,1
4024,AHHPISDH,False,False,False,True,False,True,False,False,False,False,2
4025,GEEQTQDT,False,False,False,True,False,True,False,False,False,False,2
4026,EEQTQDTE,False,False,False,True,False,True,False,False,False,False,2
4027,EQTQDTEL,False,False,False,True,False,True,False,False,False,False,2
4028,TRPAGDGN,False,False,False,False,False,True,False,False,False,False,1
4029,RPAGDGNF,False,False,False,False,False,True,False,False,False,False,1
4030,PAGDGNFQ,False,False,False,False,False,True,False,False,False,False,1
4031,AGDGNFQK,False,False,False,False,False,True,False,False,False,False,1
4032,GDGNFQKW,False,False,False,False,False,True,False,False,False,False,1
4033,DGNFQKWA,False,False,False,False,False,True,False,False,False,False,1
4034,GNFQKWAA,False,False,False,False,False,True,False,False,False,False,1
4035,NFQKWAAV,False,False,False,False,False,True,False,False,False,False,1
4036,VQHEGLPQ,False,False,False,True,False,True,False,False,False,False,2
4037,QHEGLPQP,False,False,False,True,False,True,False,False,False,False,2
4038,HEGLPQPL,False,False,False,True,False,True,False,False,False,False,2
4039,EGLPQPLT,False,False,False,False,False,True,False,False,False,False,1
4040,GLPQPLTL,False,False,False,False,False,True,False,False,False,False,1
4041,LPQPLTLR,False,False,False,False,False,True,False,False,False,False,1
4042,PQPLTLRW,False,False,False,False,False,True,False,False,False,False,1
4043,QPLTLRWE,False,False,False,False,False,True,False,False,False,False,1
4044,PLTLRWEQ,False,False,False,False,False,True,False,False,False,False,1
4045,LTLRWEQS,False,False,False,False,False,True,False,False,False,False,1
4046,TLRWEQSP,False,False,False,False,False,True,False,False,False,False,1
4047,LRWEQSPQ,False,False,False,True,False,True,False,False,False,False,2
4048,RWEQSPQP,False,False,False,True,False,True,False,False,False,False,2
4049,WEQSPQPT,False,False,False,True,False,True,False,False,False,False,2
4050,EQSPQPTI,False,False,False,True,False,True,False,False,False,False,2
4051,QSPQPTIP,False,False,False,True,False,True,False,False,False,False,2
4052,SPQPTIPI,False,False,False,True,False,True,False,False,False,False,2
4053,PQPTIPIV,False,False,False,True,False,True,False,False,False,False,2
4054,VGIVAGLV,False,True,False,True,False,True,False,False,False,False,3
4055,GIVAGLVV,False,True,False,True,False,True,False,False,False,False,3
4056,IVAGLVVL,False,False,False,True,False,True,False,False,False,True,3
4057,VAGLVVLG,False,False,False,True,False,True,False,False,False,False,2
4058,AGLVVLGA,False,False,False,True,False,True,False,False,False,False,2
4059,GLVVLGAV,False,True,False,True,False,True,False,False,False,False,3
4060,LVVLGAVV,False,False,False,True,False,True,False,False,False,False,2
4061,VVLGAVVT,False,False,False,True,False,True,False,False,False,False,2
4062,VLGAVVTG,False,False,False,True,False,True,False,False,False,False,2
4063,WRKKSSDR,False,False,False,True,False,True,False,False,False,False,2
4064,RKKSSDRN,False,False,False,True,False,True,False,False,False,False,2
4065,KKSSDRNR,False,False,False,True,False,True,False,False,False,False,2
4066,KSSDRNRG,False,False,False,True,False,True,False,False,False,False,2
4067,SSDRNRGS,False,False,False,True,False,True,False,False,False,False,2
4068,SDRNRGSY,False,False,False,True,False,True,False,False,False,False,2
4069,DRNRGSYS,False,False,False,True,False,True,False,False,False,False,2
4070,RNRGSYSQ,False,False,False,True,False,True,False,False,False,False,2
4071,NRGSYSQA,False,False,False,True,False,True,False,False,False,False,2
4072,RGSYSQAA,False,False,False,True,False,True,False,False,False,False,2
4073,GSYSQAAV,False,False,False,True,False,True,False,False,False,False,2
4074,LLLLLSGT,False,False,False,False,False,True,False,False,False,False,1
4075,LLLLSGTL,False,False,False,False,False,True,False,False,False,False,1
4076,LLLSGTLA,False,False,False,False,False,True,False,False,False,False,1
4077,LLSGTLAL,False,False,False,False,False,True,False,False,False,False,1
4078,LSGTLALT,False,False,False,False,False,True,False,False,False,False,1
4079,SGTLALTR,False,False,False,False,False,True,False,False,False,False,1
4080,GTLALTRT,False,False,False,False,False,True,False,False,False,False,1
4081,TLALTRTW,False,False,False,False,False,True,False,False,False,False,1
4082,LALTRTWA,False,False,False,False,False,True,False,False,False,False,1
4083,ALTRTWAG,False,False,False,False,False,True,False,False,False,False,1
4084,LTRTWAGS,False,False,False,False,False,True,False,False,False,False,1
4085,TRTWAGSH,False,False,False,False,False,True,False,False,False,False,1
4086,RTWAGSHS,False,False,False,False,False,True,False,False,False,False,1
4087,SMRYFYTT,False,False,False,True,False,True,False,False,False,False,2
4088,MRYFYTTM,False,False,False,True,False,True,False,False,False,False,2
4089,RYFYTTMS,False,False,False,True,False,True,False,False,False,False,2
4090,YFYTTMSR,False,False,False,True,False,True,False,False,False,False,2
4091,FYTTMSRP,False,False,False,True,False,True,False,False,False,False,2
4092,YTTMSRPG,False,False,False,True,False,True,False,False,False,False,2
4093,TTMSRPGR,False,False,False,False,False,True,False,False,False,False,1
4094,TMSRPGRG,False,False,False,False,False,True,False,False,False,False,1
4095,FVRFDSDD,False,False,False,True,False,True,False,False,False,False,2
4096,VRFDSDDA,False,False,False,True,False,True,False,False,False,False,2
4097,RFDSDDAS,False,False,False,True,False,True,False,False,False,False,2
4098,FDSDDASP,False,False,False,True,False,True,False,False,False,False,2
4099,DSDDASPR,False,False,False,True,False,True,False,False,False,False,2
4100,SDDASPRE,False,False,False,True,False,True,False,False,False,False,2
4101,DDASPREE,False,False,False,True,False,True,False,False,False,False,2
4102,DASPREEP,False,False,False,True,False,True,False,False,False,False,2
4103,EEPRAPWM,False,False,False,True,False,True,False,False,False,False,2
4104,PRAPWMER,False,False,False,True,False,True,False,False,False,False,2
4105,RAPWMERE,False,False,False,True,False,True,False,False,False,False,2
4106,APWMEREG,False,False,False,True,False,True,False,False,False,False,2
4107,PWMEREGP,False,False,False,True,False,True,False,False,False,False,2
4108,WMEREGPE,False,False,False,False,False,True,False,True,False,False,2
4109,MEREGPEY,False,False,False,False,False,True,False,True,False,False,2
4110,EREGPEYW,False,False,False,False,False,True,False,True,False,False,2
4111,REGPEYWD,False,False,False,False,False,True,False,False,False,False,1
4112,EYWDRNTQ,False,False,False,True,False,True,False,False,False,False,2
4113,YWDRNTQI,False,False,False,True,False,True,False,False,False,False,2
4114,WDRNTQIY,False,False,False,True,False,True,False,False,False,False,2
4115,DRNTQIYK,False,False,False,True,False,True,False,False,False,False,2
4116,RNTQIYKA,False,False,False,True,False,True,False,False,False,False,2
4117,NTQIYKAQ,False,False,False,True,False,True,False,False,False,False,2
4118,TQIYKAQA,False,False,False,True,False,True,False,False,False,False,2
4119,QIYKAQAQ,False,False,False,True,False,True,False,False,False,False,2
4120,IYKAQAQT,False,False,False,True,False,True,False,False,False,False,2
4121,YKAQAQTD,False,False,False,True,False,True,False,False,False,False,2
4122,AQAQTDRV,False,False,False,False,False,True,False,False,False,False,1
4123,QAQTDRVD,False,False,False,False,False,True,False,False,False,False,1
4124,QTDRVDLE,False,False,False,False,False,True,False,False,False,False,1
4125,TDRVDLET,False,False,False,False,False,True,False,False,False,False,1
4126,DRVDLETL,False,False,False,False,False,True,False,False,False,False,1
4127,RVDLETLR,False,True,False,False,False,True,False,False,False,False,2
4128,VDLETLRG,False,False,False,False,False,True,False,False,False,False,1
4129,DLETLRGY,False,False,False,False,False,True,False,False,False,False,1
4130,LETLRGYY,False,False,False,False,False,True,False,False,False,False,1
4131,ETLRGYYN,False,False,False,False,False,True,False,False,False,False,1
4132,GYYNQSEG,False,False,False,False,False,True,False,True,False,False,2
4133,YYNQSEGG,False,False,False,True,False,True,False,True,False,False,3
4134,YNQSEGGS,False,False,False,True,False,True,False,True,False,False,3
4135,NQSEGGSH,False,False,False,True,False,True,False,True,False,False,3
4136,QSEGGSHT,False,False,False,True,False,True,False,True,False,False,3
4137,SEGGSHTI,False,False,False,False,False,True,False,True,False,False,2
4138,EGGSHTIQ,False,False,False,False,False,True,False,True,False,False,2
4139,IQRMYGCE,False,False,False,False,False,True,False,False,False,False,1
4140,QRMYGCEV,False,False,False,False,False,True,False,True,False,False,2
4141,RMYGCEVG,False,False,False,False,False,True,False,True,False,False,2
4142,MYGCEVGP,False,False,False,False,False,True,False,False,False,False,1
4143,YGCEVGPD,False,False,False,False,False,True,False,False,False,False,1
4144,GCEVGPDG,False,False,False,False,False,True,False,False,False,False,1
4145,CEVGPDGR,False,False,False,False,False,True,False,False,False,False,1
4146,EVGPDGRF,False,False,False,False,False,True,False,False,False,False,1
4147,GRFLRGYL,False,False,False,False,False,True,False,True,False,False,2
4148,RFLRGYLQ,False,False,False,False,False,True,False,True,False,False,2
4149,FLRGYLQD,False,False,False,False,False,True,False,False,False,False,1
4150,LRGYLQDA,False,False,False,False,False,True,False,False,False,False,1
4151,RGYLQDAY,False,False,False,False,False,True,False,False,False,False,1
4152,GYLQDAYD,False,False,False,False,False,True,False,False,False,False,1
4153,YLQDAYDG,False,False,False,False,False,True,False,False,False,False,1
4154,LQDAYDGK,False,False,False,False,False,True,False,False,False,False,1
4155,YDGKDYIT,False,False,False,False,False,True,False,False,False,False,1
4156,DGKDYITL,False,False,False,False,False,True,False,False,False,False,1
4157,GKDYITLN,False,False,False,False,False,True,False,False,False,False,1
4158,KDYITLNE,False,False,False,False,False,True,False,False,False,False,1
4159,DYITLNED,False,False,False,False,False,True,False,False,False,False,1
4160,YITLNEDL,False,False,False,False,False,True,False,False,False,False,1
4161,ITLNEDLR,False,False,False,False,False,True,False,False,False,False,1
4162,TLNEDLRS,False,False,False,True,False,True,False,False,False,False,2
4163,EAAREAER,False,False,False,False,False,True,False,False,False,False,1
4164,AAREAERL,False,False,False,False,False,True,False,False,False,False,1
4165,AREAERLR,False,False,False,False,False,True,False,False,False,False,1
4166,REAERLRA,False,False,False,True,False,True,False,False,True,False,3
4167,EAERLRAY,False,False,False,False,False,True,False,True,False,False,2
4168,AERLRAYM,False,False,False,False,False,True,False,False,False,False,1
4169,ERLRAYME,False,False,False,False,False,True,False,False,False,False,1
4170,RLRAYMEG,False,False,False,False,False,True,False,False,False,False,1
4171,LRAYMEGT,False,False,False,False,False,True,False,False,False,False,1
4172,RAYMEGTC,False,False,False,False,False,True,False,False,False,False,1
4173,AYMEGTCV,False,False,False,False,False,True,False,False,False,False,1
4174,YMEGTCVE,False,False,False,False,False,True,False,False,False,False,1
4175,MEGTCVEW,False,False,False,False,False,True,False,False,False,False,1
4176,ELVETRPG,False,False,False,False,False,True,False,False,False,False,1
4177,LVETRPGG,False,False,False,False,False,True,False,False,False,False,1
4178,VETRPGGD,False,False,False,False,False,True,False,False,False,False,1
4179,ETRPGGDG,False,False,False,False,False,True,False,False,False,False,1
4180,TRPGGDGT,False,False,False,False,False,True,False,False,False,False,1
4181,RPGGDGTF,False,False,False,False,False,True,False,False,False,False,1
4182,PGGDGTFQ,False,False,False,False,False,True,False,False,False,False,1
4183,GGDGTFQK,False,False,False,False,False,True,False,False,False,False,1
4184,TGAVVAAM,False,False,False,False,False,True,False,False,False,False,1
4185,GAVVAAMM,False,False,False,False,False,True,False,False,False,False,1
4186,AVVAAMMW,False,False,False,False,False,True,False,False,False,False,1
4187,VVAAMMWR,False,False,False,False,False,True,False,False,False,False,1
4188,VAAMMWRK,False,False,False,False,False,True,False,False,False,False,1
4189,AAMMWRKK,False,False,False,False,False,True,False,False,False,False,1
4190,AMMWRKKS,False,False,False,False,False,True,False,False,False,False,1
4191,MMWRKKSS,False,False,False,False,False,True,False,False,False,False,1
4192,MWRKKSSG,False,False,False,False,False,True,False,False,False,False,1
4193,WRKKSSGR,False,False,False,False,False,True,False,False,False,False,1
4194,RKKSSGRK,False,False,True,False,False,True,False,False,False,False,2
4195,KKSSGRKG,False,False,False,False,False,True,False,False,False,False,1
4196,KSSGRKGG,False,False,False,False,False,True,False,False,False,False,1
4197,SSGRKGGS,False,False,False,False,False,True,False,False,False,False,1
4198,SGRKGGSY,False,False,False,False,False,True,False,False,False,False,1
4199,GRKGGSYS,False,False,False,False,False,True,False,False,False,False,1
4200,MSDSKEPR,False,False,False,True,False,True,False,False,False,False,2
4201,SDSKEPRA,False,False,False,False,False,True,False,False,False,False,1
4202,DSKEPRAQ,False,False,False,False,False,True,False,False,False,False,1
4203,SKEPRAQP,False,False,False,False,False,True,False,False,False,False,1
4204,KEPRAQPL,False,False,False,False,False,True,False,False,False,False,1
4205,EPRAQPLG,False,False,False,False,False,True,False,False,False,False,1
4206,PRAQPLGL,False,False,False,False,False,True,False,False,False,False,1
4207,RAQPLGLL,False,False,False,False,False,True,False,False,False,False,1
4208,AQPLGLLE,False,False,False,False,False,True,False,False,False,False,1
4209,QPLGLLEE,False,False,False,False,False,True,False,False,False,False,1
4210,PLGLLEEE,False,False,True,False,False,True,False,False,False,False,2
4211,LGLLEEEE,False,False,False,False,False,True,False,False,False,False,1
4212,GLLEEEEL,False,False,False,False,False,True,False,False,False,False,1
4213,LLEEEELI,False,True,False,False,False,True,False,False,False,False,2
4214,LEEEELIT,False,False,False,False,False,True,False,False,False,False,1
4215,EEEELITS,False,False,True,False,False,True,False,False,False,False,2
4216,EEELITSS,False,False,False,False,False,True,False,False,False,False,1
4217,EELITSSM,False,False,False,False,False,True,False,False,False,False,1
4218,ELITSSMN,False,False,False,False,False,True,False,False,False,False,1
4219,LITSSMNF,False,False,False,False,False,True,False,False,False,False,1
4220,ITSSMNFF,False,False,False,False,False,True,False,False,False,False,1
4221,TSSMNFFP,False,False,False,False,False,True,False,False,False,False,1
4222,SSMNFFPR,False,False,False,False,False,True,False,False,False,False,1
4223,SMNFFPRD,False,False,False,False,False,True,False,False,False,False,1
4224,MNFFPRDF,False,False,False,False,False,True,False,False,False,False,1
4225,NFFPRDFG,False,False,False,False,False,True,False,False,False,False,1
4226,FFPRDFGF,False,False,False,False,False,True,False,False,False,False,1
4227,FPRDFGFR,False,False,False,False,False,True,False,False,False,False,1
4228,PRDFGFRQ,False,False,False,False,False,True,False,False,False,False,1
4229,RDFGFRQT,False,False,False,False,False,True,False,False,False,False,1
4230,DFGFRQTR,False,False,False,False,False,True,False,False,False,False,1
4231,FGFRQTRG,False,False,False,False,False,True,False,False,False,False,1
4232,GFRQTRGY,False,False,False,True,False,True,False,False,False,False,2
4233,FRQTRGYK,False,False,False,True,False,True,False,False,False,False,2
4234,RQTRGYKS,False,False,False,True,False,True,False,False,False,False,2
4235,QTRGYKSL,False,False,False,True,False,True,False,False,False,False,2
4236,TRGYKSLA,False,False,False,True,False,True,False,False,False,False,2
4237,RGYKSLAG,False,False,False,True,False,True,False,False,False,False,2
4238,GYKSLAGC,False,False,False,True,False,True,False,False,False,False,2
4239,YKSLAGCL,False,False,False,True,False,True,False,False,False,False,2
4240,KSLAGCLG,False,False,False,True,False,True,False,False,False,False,2
4241,SLAGCLGH,False,False,False,True,False,True,False,False,False,False,2
4242,LAGCLGHA,False,False,False,False,False,True,False,False,False,False,1
4243,AGCLGHAP,False,False,False,False,False,True,False,False,False,False,1
4244,GCLGHAPL,False,False,False,False,False,True,False,False,False,False,1
4245,CLGHAPLV,False,False,False,False,False,True,False,False,False,False,1
4246,LGHAPLVL,False,False,False,False,False,True,False,False,False,False,1
4247,GHAPLVLP,False,False,False,False,False,True,False,False,False,False,1
4248,HAPLVLPL,False,False,False,False,False,True,False,False,False,False,1
4249,APLVLPLL,False,False,False,False,False,True,False,False,False,False,1
4250,PLVLPLLF,False,False,False,False,False,True,False,False,False,False,1
4251,LVLPLLFF,False,False,False,False,False,True,False,False,False,False,1
4252,VLPLLFFT,False,False,False,False,False,True,False,False,False,False,1
4253,LPLLFFTL,False,False,False,False,False,True,False,False,False,False,1
4254,PLLFFTLF,False,False,False,False,False,True,False,False,False,False,1
4255,LLFFTLFT,False,False,False,False,False,True,False,False,False,False,1
4256,LFFTLFTG,False,True,False,False,False,True,False,False,False,False,2
4257,FFTLFTGL,False,False,False,False,False,True,False,False,False,False,1
4258,FTLFTGLL,False,False,False,False,False,True,False,False,False,False,1
4259,TLFTGLLV,False,False,False,False,False,True,False,False,False,False,1
4260,LFTGLLVA,False,False,False,False,False,True,False,True,False,False,2
4261,FTGLLVAI,False,False,False,False,False,True,False,True,False,False,2
4262,TGLLVAIL,False,False,False,False,False,True,False,False,False,False,1
4263,GLLVAILV,False,False,False,False,False,True,False,False,False,False,1
4264,LLVAILVQ,False,False,False,False,False,True,False,False,False,False,1
4265,LVAILVQV,False,False,False,True,False,True,False,False,False,False,2
4266,VAILVQVS,False,False,False,True,False,True,False,False,False,False,2
4267,AILVQVSK,False,False,False,True,False,True,False,False,False,False,2
4268,ILVQVSKN,False,False,False,False,False,True,False,False,False,False,1
4269,LVQVSKNP,False,False,False,False,False,True,False,False,False,False,1
4270,VQVSKNPS,False,False,False,False,False,True,False,False,False,False,1
4271,QVSKNPSS,False,False,False,False,False,True,False,False,False,False,1
4272,VSKNPSSQ,False,False,False,False,False,True,False,False,False,False,1
4273,SKNPSSQR,False,False,False,False,False,True,False,False,False,False,1
4274,KNPSSQRL,False,False,False,False,False,True,False,False,False,False,1
4275,NPSSQRLD,False,False,False,False,False,True,False,False,False,False,1
4276,PSSQRLDQ,False,False,False,False,False,True,False,False,False,False,1
4277,SSQRLDQS,False,False,False,False,False,True,False,False,False,False,1
4278,SQRLDQSK,False,False,False,False,False,True,False,False,False,False,1
4279,QRLDQSKQ,False,False,False,False,False,True,False,False,False,False,1
4280,RLDQSKQD,False,False,False,False,False,True,False,False,False,False,1
4281,LDQSKQDE,False,False,False,False,False,True,False,False,False,False,1
4282,DQSKQDEI,False,False,False,False,False,True,False,False,False,False,1
4283,QSKQDEIS,False,False,False,False,False,True,False,False,False,False,1
4284,SKQDEISQ,False,False,False,False,False,True,False,False,False,False,1
4285,KQDEISQD,False,False,False,False,False,True,False,False,False,False,1
4286,QDEISQDL,False,False,False,False,False,True,False,False,False,False,1
4287,DEISQDLS,False,False,False,False,False,True,False,False,False,False,1
4288,EISQDLSQ,False,False,False,False,False,True,False,False,False,False,1
4289,ISQDLSQL,False,False,False,False,False,True,False,False,False,False,1
4290,SQDLSQLK,False,False,False,False,False,True,False,False,False,False,1
4291,QDLSQLKA,False,False,False,False,False,True,False,False,False,False,1
4292,DLSQLKAA,False,False,False,False,False,True,False,False,False,False,1
4293,LSQLKAAV,False,False,False,False,False,True,False,False,False,False,1
4294,SQLKAAVE,False,True,False,False,False,True,False,False,False,False,2
4295,QLKAAVER,False,False,False,True,False,True,False,False,False,False,2
4296,LKAAVERL,False,False,False,True,False,True,False,False,False,False,2
4297,KAAVERLC,False,False,False,True,False,True,False,False,False,False,2
4298,AAVERLCR,False,False,False,False,False,True,False,False,False,False,1
4299,AVERLCRP,False,False,False,False,False,True,False,False,False,False,1
4300,VERLCRPC,False,False,False,False,False,True,False,False,False,False,1
4301,ERLCRPCP,False,False,False,False,False,True,False,False,False,False,1
4302,RLCRPCPW,False,False,False,False,False,True,False,True,False,False,2
4303,LCRPCPWE,False,False,False,False,False,True,False,False,False,False,1
4304,CRPCPWEW,False,False,False,False,False,True,False,False,False,False,1
4305,RPCPWEWT,False,False,False,False,False,True,False,False,False,False,1
4306,PCPWEWTF,False,False,False,True,False,True,False,False,False,False,2
4307,CPWEWTFF,False,False,False,True,False,True,False,False,False,False,2
4308,PWEWTFFQ,False,False,False,True,False,True,False,False,False,False,2
4309,WEWTFFQG,False,False,False,True,False,True,False,False,False,False,2
4310,EWTFFQGN,False,False,False,True,False,True,False,False,False,False,2
4311,WTFFQGNC,False,False,False,True,False,True,False,False,False,False,2
4312,TFFQGNCY,False,False,False,True,False,True,False,False,False,False,2
4313,FFQGNCYF,False,False,False,True,False,True,False,False,False,False,2
4314,FQGNCYFI,False,False,False,False,False,True,False,False,False,False,1
4315,QGNCYFIS,False,False,False,False,False,True,False,False,False,False,1
4316,GNCYFISN,False,False,False,False,False,True,False,False,False,False,1
4317,NCYFISNS,False,False,False,False,False,True,False,False,False,False,1
4318,CYFISNSQ,False,False,False,False,False,True,False,False,False,False,1
4319,YFISNSQR,False,False,False,False,False,True,False,False,False,False,1
4320,FISNSQRN,False,False,False,False,False,True,False,False,False,False,1
4321,ISNSQRNW,False,False,False,False,False,True,False,False,False,False,1
4322,SNSQRNWH,False,False,False,True,False,True,False,False,False,False,2
4323,NSQRNWHD,False,False,False,True,False,True,False,False,False,False,2
4324,SQRNWHDS,False,False,False,True,False,True,False,False,False,False,2
4325,QRNWHDSI,False,False,False,True,False,True,False,False,False,False,2
4326,RNWHDSIT,False,False,False,True,False,True,False,False,False,False,2
4327,NWHDSITA,False,False,False,True,False,True,False,False,False,False,2
4328,WHDSITAC,False,False,False,True,False,True,False,False,False,False,2
4329,HDSITACQ,False,False,False,False,False,True,False,False,False,False,1
4330,DSITACQE,False,True,False,False,False,True,False,False,False,False,2
4331,SITACQEV,False,False,False,False,False,True,False,False,False,False,1
4332,ITACQEVG,False,False,False,False,False,True,False,False,False,False,1
4333,TACQEVGA,False,False,False,False,False,True,False,False,False,False,1
4334,ACQEVGAQ,False,False,False,False,False,True,False,False,False,False,1
4335,CQEVGAQL,False,False,False,False,False,True,False,False,False,False,1
4336,QEVGAQLV,False,False,False,False,False,True,False,False,False,False,1
4337,EVGAQLVV,False,False,False,True,False,True,False,False,False,False,2
4338,VGAQLVVI,False,False,False,True,False,True,False,True,False,False,3
4339,GAQLVVIK,False,False,False,True,False,True,False,True,False,False,3
4340,AQLVVIKS,False,False,False,True,False,True,False,True,False,False,3
4341,QLVVIKSA,False,False,False,True,False,True,False,False,False,False,2
4342,LVVIKSAE,False,False,False,True,False,True,False,False,False,False,2
4343,VVIKSAEE,False,False,False,True,False,True,False,False,False,False,2
4344,VIKSAEEQ,False,True,False,True,False,True,False,False,False,False,3
4345,IKSAEEQN,False,False,False,True,False,True,False,False,False,False,2
4346,KSAEEQNF,False,False,False,True,False,True,False,False,False,False,2
4347,SAEEQNFL,False,False,False,True,False,True,False,False,False,False,2
4348,AEEQNFLQ,False,False,False,True,False,True,False,False,False,False,2
4349,EEQNFLQL,False,False,False,True,False,True,False,False,False,False,2
4350,EQNFLQLQ,False,False,False,True,False,True,False,False,False,False,2
4351,QNFLQLQS,False,False,False,True,False,True,False,False,False,False,2
4352,NFLQLQSS,False,False,False,True,False,True,False,False,False,False,2
4353,FLQLQSSR,False,False,False,True,False,True,False,False,False,False,2
4354,LQLQSSRS,False,False,False,True,False,True,False,False,False,False,2
4355,QLQSSRSN,False,False,False,True,False,True,False,False,False,False,2
4356,LQSSRSNR,False,False,False,True,False,True,False,False,False,False,2
4357,QSSRSNRF,False,False,False,True,False,True,False,False,False,False,2
4358,SSRSNRFA,False,False,False,False,False,True,False,False,False,False,1
4359,SRSNRFAW,False,False,False,False,False,True,False,False,False,False,1
4360,RSNRFAWM,False,False,False,False,False,True,False,False,False,False,1
4361,SNRFAWMG,False,False,False,False,False,True,False,False,False,False,1
4362,NRFAWMGL,False,False,False,False,False,True,False,False,False,False,1
4363,RFAWMGLS,False,False,False,False,False,True,False,False,False,False,1
4364,FAWMGLSD,False,False,False,False,False,True,False,False,False,False,1
4365,AWMGLSDL,False,False,False,False,False,True,False,True,False,False,2
4366,WMGLSDLN,False,False,False,True,False,True,False,True,False,False,3
4367,MGLSDLNQ,False,False,False,True,False,True,False,False,False,False,2
4368,GLSDLNQE,False,False,False,True,False,True,False,False,False,False,2
4369,LSDLNQED,False,False,False,False,False,True,False,False,False,False,1
4370,SDLNQEDM,False,False,False,False,False,True,False,False,False,False,1
4371,DLNQEDMW,False,False,False,False,False,True,False,False,False,False,1
4372,LNQEDMWQ,False,False,False,False,False,True,False,False,False,False,1
4373,NQEDMWQW,False,False,False,False,False,True,False,False,False,False,1
4374,QEDMWQWV,False,False,False,False,False,True,False,False,False,False,1
4375,EDMWQWVD,False,False,False,False,False,True,False,False,False,False,1
4376,DMWQWVDD,False,False,False,False,False,True,False,False,False,False,1
4377,MWQWVDDS,False,False,False,False,False,True,False,False,False,False,1
4378,WQWVDDSP,False,False,False,False,False,True,False,False,False,False,1
4379,QWVDDSPL,False,False,False,False,False,True,False,False,False,False,1
4380,WVDDSPLS,False,False,False,False,False,True,False,False,False,False,1
4381,VDDSPLST,False,False,False,False,False,True,False,False,False,False,1
4382,DDSPLSTS,False,False,False,False,False,True,False,False,False,False,1
4383,DSPLSTSF,False,False,False,False,False,True,False,False,False,False,1
4384,SPLSTSFK,False,False,False,False,False,True,False,False,False,False,1
4385,PLSTSFKQ,False,False,False,False,False,True,False,False,False,False,1
4386,LSTSFKQY,False,False,False,False,False,True,False,False,False,False,1
4387,STSFKQYW,False,False,False,False,False,True,False,False,False,False,1
4388,TSFKQYWN,False,False,False,False,False,True,False,False,False,False,1
4389,SFKQYWNR,False,False,False,True,False,True,False,False,False,False,2
4390,FKQYWNRG,False,False,False,True,False,True,False,False,False,False,2
4391,KQYWNRGE,False,False,False,True,False,True,False,False,False,False,2
4392,QYWNRGEP,False,False,False,True,False,True,False,False,False,False,2
4393,YWNRGEPN,False,False,False,True,False,True,False,True,False,False,3
4394,WNRGEPNN,False,False,False,True,False,True,False,True,True,False,4
4395,NRGEPNNI,False,False,False,False,False,True,False,True,False,False,2
4396,RGEPNNIG,False,False,False,False,False,True,False,True,False,False,2
4397,GEPNNIGE,False,False,False,False,False,True,False,True,False,False,2
4398,EPNNIGEE,False,False,False,False,False,True,False,True,False,False,2
4399,PNNIGEED,False,False,False,False,False,True,False,True,False,False,2
4400,NNIGEEDC,False,False,False,False,False,True,False,True,False,False,2
4401,NIGEEDCV,False,False,False,False,False,True,False,True,False,False,2
4402,IGEEDCVE,False,False,False,False,False,True,False,True,False,False,2
4403,GEEDCVEF,False,False,False,False,False,True,False,True,False,False,2
4404,EEDCVEFN,False,False,False,False,False,True,False,False,False,False,1
4405,EDCVEFNG,False,False,False,False,False,True,False,False,False,False,1
4406,DCVEFNGN,False,False,False,False,False,True,False,False,False,False,1
4407,CVEFNGNG,False,False,False,False,False,True,False,False,False,False,1
4408,VEFNGNGW,False,False,False,False,False,True,False,False,False,False,1
4409,EFNGNGWN,False,False,False,False,False,True,False,False,False,False,1
4410,FNGNGWND,False,False,False,False,False,True,False,False,False,False,1
4411,NGNGWNDD,False,False,False,False,False,True,False,False,False,False,1
4412,GNGWNDDK,False,False,False,True,False,True,False,False,False,False,2
4413,NGWNDDKC,False,False,False,True,False,True,False,False,False,False,2
4414,GWNDDKCS,False,False,False,False,False,True,False,False,False,False,1
4415,WNDDKCSA,False,False,False,False,False,True,False,False,False,False,1
4416,NDDKCSAA,False,False,False,False,False,True,False,False,False,False,1
4417,DDKCSAAK,False,False,False,False,False,True,False,False,False,False,1
4418,DKCSAAKF,False,False,False,False,False,True,False,False,False,False,1
4419,KCSAAKFW,False,False,False,False,False,True,False,False,False,False,1
4420,CSAAKFWI,False,False,False,False,False,True,False,False,False,False,1
4421,SAAKFWIC,False,False,False,False,False,True,False,False,False,False,1
4422,AAKFWICK,False,False,False,False,False,True,False,False,False,False,1
4423,AKFWICKK,False,False,False,True,False,True,False,False,False,False,2
4424,KFWICKKS,False,False,False,True,False,True,False,True,False,False,3
4425,FWICKKSA,False,False,False,True,False,True,False,True,False,False,3
4426,WICKKSAA,False,False,False,True,False,True,False,False,False,False,2
4427,ICKKSAAS,False,False,False,True,False,True,False,False,False,False,2
4428,CKKSAASC,False,False,False,True,False,True,False,False,False,False,2
4429,KKSAASCS,False,False,False,True,False,True,False,False,False,False,2
4430,KSAASCSR,False,False,False,True,False,True,False,False,False,False,2
4431,SAASCSRD,False,False,False,True,False,True,False,False,False,False,2
4432,AASCSRDE,False,False,False,True,False,True,False,False,False,False,2
4433,ASCSRDEG,False,False,False,False,False,True,False,False,False,False,1
4434,SCSRDEGQ,False,False,False,False,False,True,False,False,False,False,1
4435,CSRDEGQL,False,False,False,False,False,True,False,False,False,False,1
4436,SRDEGQLL,False,False,False,False,False,True,False,False,False,False,1
4437,RDEGQLLS,False,False,False,False,False,True,False,False,False,False,1
4438,DEGQLLSS,False,False,False,False,False,True,False,False,False,False,1
4439,EGQLLSSA,False,False,False,False,False,True,False,False,False,False,1
4440,GQLLSSAS,False,False,False,False,False,True,False,False,False,False,1
4441,QLLSSASA,False,False,False,False,False,True,False,False,False,False,1
4442,LLSSASAS,False,False,False,False,False,True,False,False,False,False,1
4443,LSSASASP,False,False,False,True,False,True,False,False,False,False,2
4444,SSASASPI,False,False,False,False,False,True,False,False,False,False,1
4445,SASASPIA,False,False,False,False,False,True,False,False,False,False,1
4446,ASASPIAH,False,False,False,False,False,True,False,False,False,False,1
4447,SASPIAHA,False,False,False,False,False,True,False,False,False,False,1
4448,ASPIAHAA,False,False,False,False,False,True,False,False,False,False,1
4449,METKLPPA,False,False,False,True,False,True,False,True,False,False,3
4450,ETKLPPAS,False,False,False,True,False,True,False,True,False,False,3
4451,TKLPPAST,False,False,False,True,False,True,False,True,False,False,3
4452,KLPPASTP,False,False,False,True,False,True,False,True,False,False,3
4453,LPPASTPT,False,False,False,True,False,True,False,True,False,False,3
4454,PPASTPTS,False,False,False,True,False,True,False,True,False,False,3
4455,PASTPTSP,False,False,False,True,False,True,False,True,False,False,3
4456,ASTPTSPS,False,False,False,True,False,True,False,True,False,False,3
4457,STPTSPSS,False,False,False,True,False,True,False,True,False,False,3
4458,TPTSPSSP,False,False,False,True,False,True,False,True,False,False,3
4459,PTSPSSPG,False,False,False,True,False,True,False,True,False,False,3
4460,TSPSSPGL,False,False,False,True,False,True,False,True,False,False,3
4461,SPSSPGLS,False,False,False,True,False,True,False,True,False,False,3
4462,PSSPGLSP,False,False,False,True,False,True,False,True,False,False,3
4463,SSPGLSPV,False,False,False,True,False,True,False,True,False,False,3
4464,SPGLSPVP,False,False,False,True,False,True,False,True,False,False,3
4465,PGLSPVPP,False,False,False,True,False,True,False,True,False,False,3
4466,GLSPVPPA,False,False,False,False,False,True,False,False,False,False,1
4467,LSPVPPAD,False,False,True,False,False,True,False,False,False,False,2
4468,SPVPPADK,False,False,False,False,False,True,False,False,False,False,1
4469,PVPPADKV,False,False,False,False,False,True,False,False,False,False,1
4470,VPPADKVD,False,False,False,False,False,True,False,False,False,False,1
4471,PPADKVDG,False,False,False,False,False,True,False,False,False,False,1
4472,PADKVDGF,False,False,False,False,False,True,False,False,False,False,1
4473,ADKVDGFS,False,False,False,False,False,True,False,False,False,False,1
4474,DKVDGFSR,False,False,False,True,False,True,False,True,False,False,3
4475,KVDGFSRR,False,False,False,True,False,True,False,True,False,False,3
4476,VDGFSRRS,False,False,False,True,False,True,False,True,False,False,3
4477,DGFSRRSL,False,False,False,True,False,True,False,True,False,False,3
4478,GFSRRSLR,False,False,False,True,False,True,False,True,False,False,3
4479,FSRRSLRR,False,False,False,True,False,True,False,True,False,False,3
4480,SRRSLRRA,False,False,False,True,False,True,False,True,False,False,3
4481,RRSLRRAR,False,False,False,True,False,True,False,True,False,False,3
4482,RSLRRARP,False,False,False,True,False,True,False,True,False,False,3
4483,SLRRARPR,False,False,False,True,False,True,False,True,False,False,3
4484,LRRARPRR,False,False,False,True,False,True,False,True,False,False,3
4485,RRARPRRS,False,False,False,True,False,True,False,True,False,False,3
4486,RARPRRSH,False,False,False,True,False,True,False,True,False,False,3
4487,ARPRRSHS,False,False,False,True,False,True,False,True,False,False,3
4488,RPRRSHSS,False,False,False,True,False,True,False,True,False,False,3
4489,PRRSHSSS,False,False,False,True,False,True,False,True,False,False,3
4490,RRSHSSSQ,False,False,False,True,False,True,False,True,False,False,3
4491,RSHSSSQF,False,False,False,True,False,True,False,True,False,False,3
4492,SHSSSQFR,False,False,False,True,False,True,False,True,False,False,3
4493,HSSSQFRY,False,False,False,True,False,True,False,True,False,False,3
4494,SSSQFRYQ,False,False,False,True,False,True,False,True,False,False,3
4495,SSQFRYQS,False,False,False,True,False,True,False,True,False,False,3
4496,SQFRYQSN,False,False,False,True,False,True,False,True,False,False,3
4497,QFRYQSNQ,False,False,False,True,False,True,False,True,False,False,3
4498,FRYQSNQQ,False,False,False,True,False,True,False,True,False,False,3
4499,RYQSNQQE,False,False,False,True,False,True,False,True,False,False,3
4500,YQSNQQEL,False,False,False,True,False,True,False,True,False,False,3
4501,QSNQQELT,False,False,False,True,False,True,False,True,False,False,3
4502,SNQQELTP,False,False,False,True,False,True,False,True,False,False,3
4503,NQQELTPL,False,False,False,True,False,True,False,True,False,False,3
4504,QQELTPLP,False,False,False,True,False,True,False,True,False,False,3
4505,QELTPLPL,False,True,False,True,False,True,False,True,False,False,4
4506,ELTPLPLL,False,False,False,True,False,True,False,True,False,False,3
4507,LTPLPLLK,False,False,False,True,False,True,False,True,False,False,3
4508,TPLPLLKD,False,False,False,True,False,True,False,True,False,False,3
4509,PLPLLKDV,False,False,False,True,False,True,False,True,False,False,3
4510,LPLLKDVP,False,False,False,True,False,True,False,True,False,False,3
4511,PLLKDVPA,False,False,False,True,False,True,False,True,False,False,3
4512,LLKDVPAS,False,False,False,True,False,True,False,True,False,False,3
4513,LKDVPASE,False,False,False,True,False,True,False,True,False,False,3
4514,KDVPASEL,False,False,False,True,False,True,False,True,False,False,3
4515,DVPASELH,False,False,False,True,False,True,False,True,False,False,3
4516,VPASELHD,False,False,False,False,False,True,False,False,False,False,1
4517,PASELHDL,False,False,False,False,False,True,False,False,False,False,1
4518,ASELHDLL,False,False,False,False,False,True,False,False,False,False,1
4519,SELHDLLS,False,False,False,False,False,True,True,False,False,False,2
4520,ELHDLLSR,False,False,False,False,False,True,False,False,False,False,1
4521,LHDLLSRK,False,False,False,False,False,True,False,False,False,False,1
4522,HDLLSRKL,False,False,False,False,False,True,False,False,False,False,1
4523,DLLSRKLA,False,False,False,False,False,True,False,False,False,False,1
4524,LLSRKLAQ,False,False,False,True,False,True,False,True,False,False,3
4525,LSRKLAQC,False,False,False,True,False,True,False,True,False,False,3
4526,SRKLAQCG,False,False,False,True,False,True,False,True,False,False,3
4527,RKLAQCGV,False,False,False,True,False,True,False,True,False,False,3
4528,KLAQCGVM,False,False,False,True,False,True,False,True,False,False,3
4529,LAQCGVMF,False,False,False,True,False,True,False,True,False,False,3
4530,AQCGVMFD,False,False,False,True,False,True,False,True,False,False,3
4531,QCGVMFDF,False,False,False,True,False,True,False,True,False,False,3
4532,CGVMFDFL,False,False,False,True,False,True,False,True,False,False,3
4533,GVMFDFLD,False,False,False,True,False,True,False,True,False,False,3
4534,VMFDFLDC,False,False,False,True,False,True,False,True,False,False,3
4535,MFDFLDCV,False,False,False,True,False,True,False,True,False,False,3
4536,FDFLDCVA,False,False,False,True,False,True,False,True,False,False,3
4537,DFLDCVAD,False,False,False,True,False,True,False,True,False,False,3
4538,FLDCVADL,False,False,False,True,False,True,False,True,False,False,3
4539,LDCVADLK,False,False,False,True,False,True,False,True,False,False,3
4540,DCVADLKG,False,False,False,True,False,True,False,True,False,False,3
4541,CVADLKGK,False,False,False,True,False,True,False,True,False,False,3
4542,VADLKGKE,False,False,False,True,False,True,False,True,False,False,3
4543,ADLKGKEV,False,False,False,True,False,True,False,True,False,False,3
4544,DLKGKEVK,False,False,False,True,False,True,False,True,False,False,3
4545,LKGKEVKR,False,False,False,True,False,True,False,True,False,False,3
4546,KGKEVKRA,False,False,False,True,False,True,False,True,False,False,3
4547,GKEVKRAA,False,False,False,True,False,True,False,True,False,False,3
4548,KEVKRAAL,False,False,False,True,False,True,False,True,False,False,3
4549,EVKRAALN,False,False,False,True,False,True,False,True,False,False,3
4550,VKRAALNE,False,False,False,True,False,True,False,True,False,False,3
4551,KRAALNEL,False,False,False,True,True,True,False,True,False,False,4
4552,RAALNELV,False,False,False,True,False,True,False,True,False,False,3
4553,AALNELVE,False,False,False,True,False,True,False,True,False,False,3
4554,ALNELVEC,False,False,False,True,False,True,False,True,False,False,3
4555,LNELVECV,False,False,False,True,False,True,False,True,False,False,3
4556,NELVECVG,False,False,False,True,False,True,False,True,False,False,3
4557,ELVECVGS,False,False,False,True,False,True,False,True,False,False,3
4558,LVECVGST,False,False,False,True,False,True,False,True,False,False,3
4559,VECVGSTR,False,False,False,True,False,True,False,True,False,False,3
4560,ECVGSTRG,False,False,False,True,False,True,False,True,False,False,3
4561,CVGSTRGV,False,False,False,True,False,True,False,True,False,False,3
4562,VGSTRGVL,False,False,False,True,False,True,False,True,False,False,3
4563,GSTRGVLI,False,False,False,True,False,True,False,True,False,False,3
4564,STRGVLIE,False,False,False,True,False,True,False,True,False,False,3
4565,TRGVLIEP,False,False,False,True,False,True,False,True,False,False,3
4566,RGVLIEPV,False,False,False,True,False,True,False,True,False,False,3
4567,GVLIEPVY,False,False,False,True,False,True,False,True,False,False,3
4568,VLIEPVYP,False,False,False,True,False,True,False,True,False,False,3
4569,LIEPVYPD,False,False,False,True,False,True,False,True,False,False,3
4570,IEPVYPDI,False,False,False,True,False,True,False,True,False,False,3
4571,EPVYPDII,False,False,False,True,False,True,False,True,False,False,3
4572,PVYPDIIR,False,False,False,True,False,True,False,True,False,False,3
4573,VYPDIIRM,False,False,False,True,False,True,False,True,False,False,3
4574,YPDIIRMI,False,False,False,True,False,True,False,True,False,False,3
4575,PDIIRMIS,False,False,False,True,False,True,False,True,False,False,3
4576,DIIRMISV,False,False,False,True,False,True,False,True,False,False,3
4577,IIRMISVN,False,False,False,True,False,True,False,True,False,False,3
4578,IRMISVNI,False,False,False,True,False,True,False,True,False,False,3
4579,RMISVNIF,False,False,False,True,False,True,False,True,False,False,3
4580,MISVNIFR,False,False,False,True,False,True,True,True,False,False,4
4581,ISVNIFRT,False,False,False,True,False,True,False,True,False,False,3
4582,SVNIFRTL,False,False,False,True,False,True,True,True,False,False,4
4583,VNIFRTLP,False,False,False,True,False,True,False,True,False,False,3
4584,NIFRTLPP,False,False,False,True,False,True,False,True,False,False,3
4585,IFRTLPPS,False,False,False,True,False,True,False,True,False,False,3
4586,FRTLPPSE,False,False,False,True,False,True,False,True,False,False,3
4587,RTLPPSEN,False,False,False,True,False,True,False,True,False,False,3
4588,TLPPSENP,False,False,False,True,False,True,False,True,False,False,3
4589,LPPSENPE,False,False,False,True,False,True,False,True,False,False,3
4590,PPSENPEF,False,False,False,True,False,True,False,True,False,False,3
4591,PSENPEFD,False,False,False,True,False,True,False,True,False,False,3
4592,SENPEFDP,False,False,False,True,False,True,False,True,False,False,3
4593,ENPEFDPE,False,False,False,True,False,True,False,True,False,False,3
4594,NPEFDPEE,False,False,False,True,False,True,False,True,False,False,3
4595,PEFDPEED,False,False,False,True,False,True,False,True,False,False,3
4596,EFDPEEDE,False,False,False,True,True,True,False,True,False,False,4
4597,FDPEEDEP,False,False,False,True,True,True,False,True,False,False,4
4598,DPEEDEPN,False,False,False,True,False,True,False,True,False,False,3
4599,PEEDEPNL,False,False,False,True,False,True,False,True,False,False,3
4600,EEDEPNLE,False,False,False,True,False,True,False,True,False,False,3
4601,EDEPNLEP,False,False,False,True,False,True,False,True,False,False,3
4602,DEPNLEPS,False,False,False,True,False,True,False,True,False,False,3
4603,EPNLEPSW,False,False,False,True,False,True,False,True,False,False,3
4604,PNLEPSWP,False,False,False,True,False,True,False,True,False,False,3
4605,NLEPSWPH,False,False,False,True,False,True,False,True,False,False,3
4606,LEPSWPHL,False,False,False,True,False,True,True,True,False,False,4
4607,EPSWPHLQ,False,False,False,True,False,True,True,True,False,False,4
4608,PSWPHLQL,False,False,False,True,False,True,True,True,False,False,4
4609,SWPHLQLV,False,False,False,True,True,True,True,True,False,False,5
4610,WPHLQLVY,False,False,False,True,True,True,True,True,False,False,5
4611,PHLQLVYE,False,False,False,True,True,True,True,True,False,False,5
4612,HLQLVYEF,False,False,False,True,False,True,False,True,False,False,3
4613,LQLVYEFF,False,False,False,True,False,True,False,True,False,False,3
4614,QLVYEFFL,False,False,False,True,False,True,False,True,False,False,3
4615,LVYEFFLR,False,False,False,True,False,True,False,True,False,False,3
4616,VYEFFLRF,False,False,True,True,False,True,False,True,False,False,4
4617,YEFFLRFL,False,False,False,True,False,True,False,True,False,False,3
4618,EFFLRFLE,False,False,False,True,False,True,False,True,False,False,3
4619,FFLRFLES,False,False,False,True,False,True,False,True,False,False,3
4620,FLRFLESP,False,False,False,True,True,True,False,True,False,False,4
4621,LRFLESPD,False,False,False,True,True,True,False,True,False,False,4
4622,RFLESPDF,False,False,False,True,True,True,False,True,False,False,4
4623,FLESPDFQ,False,False,False,True,True,True,False,True,False,False,4
4624,LESPDFQP,False,False,False,True,False,True,False,True,False,False,3
4625,ESPDFQPS,False,False,False,True,False,True,False,True,False,False,3
4626,SPDFQPSV,False,False,False,True,False,True,False,True,False,False,3
4627,PDFQPSVA,False,False,False,True,False,True,False,True,False,False,3
4628,DFQPSVAK,False,False,False,True,False,True,False,True,False,False,3
4629,FQPSVAKR,False,False,False,True,False,True,False,True,False,False,3
4630,QPSVAKRY,False,False,False,True,False,True,False,True,False,False,3
4631,PSVAKRYV,False,False,False,True,False,True,False,True,False,False,3
4632,SVAKRYVD,False,False,False,True,False,True,False,True,False,False,3
4633,VAKRYVDQ,False,False,False,True,False,True,False,True,False,False,3
4634,AKRYVDQK,False,False,False,True,False,True,False,True,False,False,3
4635,KRYVDQKF,False,False,False,True,False,True,False,True,False,False,3
4636,RYVDQKFV,False,False,False,True,False,True,False,True,False,False,3
4637,YVDQKFVL,False,False,False,True,False,True,False,True,False,False,3
4638,VDQKFVLM,False,False,False,True,False,True,False,True,False,False,3
4639,DQKFVLML,False,False,False,True,False,True,False,True,False,False,3
4640,QKFVLMLL,False,False,False,True,False,True,False,True,False,False,3
4641,KFVLMLLE,False,False,False,True,False,True,False,True,False,False,3
4642,FVLMLLEL,False,False,False,True,False,True,False,True,False,False,3
4643,VLMLLELF,False,False,False,True,False,True,False,True,False,False,3
4644,LMLLELFD,False,False,False,True,False,True,False,True,False,False,3
4645,MLLELFDS,False,False,False,True,False,True,False,True,False,False,3
4646,LLELFDSE,False,False,True,True,False,True,False,True,False,False,4
4647,LELFDSED,False,False,True,True,False,True,False,True,False,False,4
4648,ELFDSEDP,False,False,False,True,False,True,False,True,False,False,3
4649,LFDSEDPR,False,False,True,True,True,True,True,True,False,False,6
4650,FDSEDPRE,False,False,True,True,True,True,True,True,False,False,6
4651,DSEDPRER,False,False,True,True,True,True,True,True,False,False,6
4652,SEDPRERE,False,False,False,True,False,True,True,True,False,False,4
4653,EDPREREY,False,False,False,True,False,True,True,True,False,False,4
4654,DPREREYL,False,False,False,True,False,True,True,True,False,False,4
4655,PREREYLK,False,False,False,True,False,True,True,True,False,False,4
4656,REREYLKT,False,False,False,True,False,True,True,True,False,False,4
4657,EREYLKTI,False,False,False,True,False,True,True,True,False,False,4
4658,REYLKTIL,False,False,False,True,False,True,True,True,False,False,4
4659,EYLKTILH,False,False,False,True,False,True,True,True,False,False,4
4660,YLKTILHR,False,False,False,True,False,True,True,True,False,False,4
4661,LKTILHRV,False,False,False,True,False,True,True,True,False,False,4
4662,KTILHRVY,False,False,False,True,False,True,True,True,False,False,4
4663,TILHRVYG,False,False,False,True,False,True,True,True,False,False,4
4664,ILHRVYGK,False,False,False,True,False,True,True,True,False,False,4
4665,LHRVYGKF,False,False,False,True,False,True,True,True,False,False,4
4666,HRVYGKFL,False,False,False,True,False,True,False,True,False,False,3
4667,RVYGKFLG,False,False,False,True,False,True,False,True,False,False,3
4668,VYGKFLGL,False,False,False,True,False,True,False,True,False,False,3
4669,YGKFLGLR,False,False,False,True,True,True,False,True,False,False,4
4670,GKFLGLRA,False,False,False,True,True,True,False,True,False,False,4
4671,KFLGLRAY,False,False,False,True,False,True,False,True,False,False,3
4672,FLGLRAYI,False,False,False,True,False,True,False,True,False,False,3
4673,LGLRAYIR,False,False,False,True,False,True,False,True,False,False,3
4674,GLRAYIRK,False,False,False,True,False,True,False,True,False,False,3
4675,LRAYIRKQ,False,False,False,True,False,True,False,True,False,False,3
4676,RAYIRKQC,False,False,False,True,False,True,False,True,False,False,3
4677,AYIRKQCN,False,False,False,True,False,True,False,True,False,False,3
4678,YIRKQCNH,False,False,False,True,False,True,False,True,False,False,3
4679,IRKQCNHI,False,False,False,True,False,True,False,True,False,False,3
4680,RKQCNHIF,False,False,False,True,False,True,False,True,False,False,3
4681,KQCNHIFL,False,False,False,True,False,True,False,True,False,False,3
4682,QCNHIFLR,False,False,False,True,False,True,False,True,False,False,3
4683,CNHIFLRF,False,False,False,True,False,True,False,True,False,False,3
4684,NHIFLRFI,False,False,False,True,False,True,False,True,False,False,3
4685,HIFLRFIY,False,False,False,True,False,True,False,True,False,False,3
4686,IFLRFIYE,False,False,False,True,False,True,False,True,False,False,3
4687,FLRFIYEF,False,False,False,True,False,True,False,False,False,False,2
4688,LRFIYEFE,False,False,False,True,False,True,False,False,False,False,2
4689,RFIYEFEH,False,False,False,True,False,True,False,False,False,False,2
4690,FIYEFEHF,False,False,False,True,False,True,False,False,False,False,2
4691,IYEFEHFN,False,False,False,True,False,True,False,False,False,False,2
4692,YEFEHFNG,False,False,False,True,False,True,False,False,False,False,2
4693,EFEHFNGV,False,False,False,True,False,True,False,False,False,False,2
4694,FEHFNGVA,False,False,False,True,False,True,False,False,False,False,2
4695,EHFNGVAE,False,False,False,True,False,True,False,True,False,False,3
4696,HFNGVAEL,False,False,False,True,False,True,False,True,False,False,3
4697,FNGVAELL,False,False,True,True,False,True,False,True,False,False,4
4698,NGVAELLE,False,True,True,True,False,True,False,True,False,False,5
4699,GVAELLEI,False,False,True,True,False,True,False,True,False,False,4
4700,VAELLEIL,False,False,True,True,False,True,False,True,False,False,4
4701,AELLEILG,False,False,True,True,False,True,True,True,False,False,5
4702,ELLEILGS,False,False,True,True,True,True,True,True,False,False,6
4703,LLEILGSI,False,False,True,True,True,True,True,True,False,False,6
4704,LEILGSII,False,False,True,True,True,True,True,True,False,False,6
4705,EILGSIIN,False,False,True,True,True,True,True,True,False,False,6
4706,ILGSIING,False,False,True,True,True,True,True,True,False,False,6
4707,LGSIINGF,False,False,True,True,True,True,True,True,False,False,6
4708,GSIINGFA,False,False,True,True,True,True,True,True,False,False,6
4709,SIINGFAL,False,False,True,True,True,True,True,True,False,False,6
4710,IINGFALP,False,False,True,True,True,True,True,True,False,False,6
4711,INGFALPL,False,False,True,True,True,True,True,True,False,False,6
4712,NGFALPLK,False,False,True,True,True,True,True,True,False,False,6
4713,GFALPLKT,False,False,False,True,False,True,False,True,False,False,3
4714,FALPLKTE,False,False,False,True,False,True,False,True,False,False,3
4715,ALPLKTEH,False,False,False,True,False,True,False,True,False,False,3
4716,LPLKTEHK,False,False,False,True,False,True,False,True,False,False,3
4717,PLKTEHKQ,False,False,False,True,False,True,False,True,False,False,3
4718,LKTEHKQF,False,False,False,True,False,True,False,True,False,False,3
4719,KTEHKQFL,False,False,False,True,False,True,False,True,False,False,3
4720,TEHKQFLV,False,False,False,True,False,True,False,True,False,False,3
4721,EHKQFLVR,False,False,False,True,False,True,False,True,False,False,3
4722,HKQFLVRV,False,False,False,True,False,True,False,True,False,False,3
4723,KQFLVRVL,False,False,False,True,False,True,False,True,False,False,3
4724,QFLVRVLI,False,False,False,True,False,True,False,True,False,False,3
4725,FLVRVLIP,False,False,False,True,False,True,True,True,False,False,4
4726,LVRVLIPL,False,False,False,True,False,True,True,True,False,False,4
4727,VRVLIPLH,False,False,False,True,False,True,True,True,False,False,4
4728,RVLIPLHS,False,False,False,True,False,True,False,True,False,False,3
4729,VLIPLHSV,False,False,False,True,False,True,False,True,False,False,3
4730,LIPLHSVK,False,False,False,True,False,True,False,True,False,False,3
4731,IPLHSVKS,False,False,False,True,False,True,False,True,False,False,3
4732,PLHSVKSL,False,False,False,True,False,True,False,True,False,False,3
4733,LHSVKSLS,False,False,False,True,False,True,False,True,False,False,3
4734,HSVKSLSV,False,False,False,True,False,True,False,True,False,False,3
4735,SVKSLSVF,False,False,False,True,False,True,False,True,False,False,3
4736,VKSLSVFH,False,False,False,True,False,True,False,True,False,False,3
4737,KSLSVFHA,False,False,False,True,False,True,False,True,False,False,3
4738,SLSVFHAQ,False,False,False,True,False,True,False,True,False,False,3
4739,LSVFHAQL,False,False,False,True,False,True,False,True,False,False,3
4740,SVFHAQLA,False,False,False,True,False,True,False,True,False,False,3
4741,VFHAQLAY,False,False,False,True,False,True,False,True,False,False,3
4742,FHAQLAYC,False,False,False,True,False,True,False,True,False,False,3
4743,HAQLAYCV,False,False,False,True,True,True,False,True,False,False,4
4744,AQLAYCVV,False,False,False,True,True,True,False,True,False,False,4
4745,QLAYCVVQ,False,False,False,True,True,True,False,True,False,False,4
4746,LAYCVVQF,False,False,False,True,True,True,False,True,False,False,4
4747,AYCVVQFL,False,False,False,True,False,True,False,True,False,False,3
4748,YCVVQFLE,False,False,False,True,False,True,False,True,False,False,3
4749,CVVQFLEK,False,False,False,True,False,True,False,True,False,False,3
4750,VVQFLEKD,False,False,False,True,False,True,False,True,False,False,3
4751,VQFLEKDA,False,False,False,True,False,True,False,True,False,False,3
4752,QFLEKDAT,False,False,False,True,False,True,False,True,False,False,3
4753,FLEKDATL,False,False,False,True,False,True,False,True,False,False,3
4754,LEKDATLT,False,False,False,True,False,True,False,True,False,False,3
4755,EKDATLTE,False,False,False,True,False,True,False,True,False,False,3
4756,KDATLTEH,False,False,False,True,False,True,False,True,False,False,3
4757,DATLTEHV,False,False,False,True,False,True,False,True,False,False,3
4758,ATLTEHVI,False,False,False,True,False,True,False,True,False,False,3
4759,TLTEHVIR,False,False,False,True,False,True,False,True,False,False,3
4760,LTEHVIRG,False,False,False,True,False,True,False,True,False,False,3
4761,TEHVIRGL,False,False,False,True,False,True,False,True,False,False,3
4762,EHVIRGLL,False,False,False,True,False,True,False,True,False,False,3
4763,HVIRGLLK,False,False,False,True,False,True,False,True,False,False,3
4764,VIRGLLKY,False,False,False,True,False,True,True,True,False,False,4
4765,IRGLLKYW,False,False,False,True,False,True,True,True,False,False,4
4766,RGLLKYWP,False,False,False,True,False,True,True,True,False,False,4
4767,GLLKYWPK,False,False,False,True,False,True,False,True,False,False,3
4768,LLKYWPKT,False,False,False,True,False,True,False,True,False,False,3
4769,LKYWPKTC,False,False,False,True,False,True,False,True,False,False,3
4770,KYWPKTCT,False,False,False,True,False,True,False,True,False,False,3
4771,YWPKTCTQ,False,False,False,True,False,True,False,True,False,False,3
4772,WPKTCTQK,False,False,False,True,False,True,False,True,False,False,3
4773,PKTCTQKE,False,False,False,True,False,True,False,True,False,False,3
4774,KTCTQKEV,False,False,False,True,False,True,False,True,False,False,3
4775,TCTQKEVM,False,False,False,True,False,True,False,True,False,False,3
4776,CTQKEVMF,False,False,False,True,False,True,False,True,False,False,3
4777,TQKEVMFL,False,False,False,True,False,True,False,True,False,False,3
4778,QKEVMFLG,False,False,False,True,False,True,True,True,False,False,4
4779,KEVMFLGE,False,False,False,True,True,True,True,True,False,False,5
4780,EVMFLGEV,False,False,False,False,True,True,True,False,False,False,3
4781,VMFLGEVE,False,False,False,False,True,True,True,False,False,False,3
4782,MFLGEVEE,False,False,False,False,True,True,True,False,False,False,3
4783,FLGEVEEI,False,False,False,False,True,True,True,False,False,False,3
4784,LGEVEEIL,False,False,False,False,True,True,False,False,False,False,2
4785,GEVEEILD,False,False,False,False,True,True,False,False,False,False,2
4786,EVEEILDV,False,False,False,False,False,True,False,False,False,False,1
4787,VEEILDVI,False,True,False,False,False,True,False,False,False,False,2
4788,EEILDVIE,False,False,False,True,False,True,False,True,False,False,3
4789,EILDVIEP,False,False,False,True,False,True,False,True,False,False,3
4790,ILDVIEPS,False,False,False,True,False,True,False,True,False,False,3
4791,LDVIEPSQ,False,False,False,True,False,True,False,True,False,False,3
4792,DVIEPSQF,False,False,False,True,False,True,False,True,False,False,3
4793,VIEPSQFV,False,False,False,True,False,True,False,True,False,False,3
4794,IEPSQFVK,False,False,False,True,False,True,False,True,False,False,3
4795,EPSQFVKI,False,False,False,True,False,True,False,True,False,False,3
4796,PSQFVKIQ,False,False,False,True,False,True,False,True,False,False,3
4797,SQFVKIQE,False,False,False,True,False,True,False,True,False,False,3
4798,QFVKIQEP,False,False,False,True,False,True,False,True,False,False,3
4799,FVKIQEPL,False,False,False,True,False,True,False,True,False,False,3
4800,VKIQEPLF,False,False,False,True,False,True,False,True,False,False,3
4801,KIQEPLFK,False,False,False,True,False,True,False,True,False,False,3
4802,IQEPLFKQ,False,False,False,True,False,True,False,True,False,False,3
4803,QEPLFKQV,False,False,False,True,False,True,False,True,False,False,3
4804,EPLFKQVA,False,False,False,True,False,True,False,True,False,False,3
4805,PLFKQVAR,False,False,False,True,False,True,False,True,False,False,3
4806,LFKQVARC,False,False,False,True,False,True,False,True,False,False,3
4807,FKQVARCV,False,False,False,True,False,True,False,True,False,False,3
4808,KQVARCVS,False,False,False,True,False,True,False,True,False,False,3
4809,QVARCVSS,False,False,False,True,False,True,False,True,False,False,3
4810,VARCVSSP,False,False,False,True,False,True,False,True,False,False,3
4811,ARCVSSPH,False,False,False,True,False,True,False,True,False,False,3
4812,RCVSSPHF,False,False,False,True,False,True,False,True,False,False,3
4813,CVSSPHFQ,False,False,False,True,True,True,False,True,False,False,4
4814,VSSPHFQV,False,False,False,True,True,True,False,True,False,False,4
4815,SSPHFQVA,False,False,True,True,True,True,False,True,False,False,5
4816,SPHFQVAE,False,False,True,True,True,True,False,True,False,False,5
4817,PHFQVAER,False,False,False,True,True,True,False,True,False,False,4
4818,HFQVAERA,False,False,True,True,True,True,True,True,False,False,6
4819,FQVAERAL,False,False,True,True,True,True,True,True,False,False,6
4820,QVAERALY,False,False,True,True,True,True,True,True,False,False,6
4821,VAERALYF,False,False,True,True,True,True,False,True,False,False,5
4822,AERALYFW,False,False,False,True,True,True,False,True,False,False,4
4823,ERALYFWN,False,False,False,True,True,True,False,True,False,False,4
4824,RALYFWNN,False,False,False,True,True,True,False,True,False,False,4
4825,ALYFWNNE,False,False,False,True,True,True,False,True,False,False,4
4826,LYFWNNEY,False,False,False,True,True,True,False,True,False,False,4
4827,YFWNNEYI,False,False,False,True,True,True,False,True,False,False,4
4828,FWNNEYIL,False,False,False,True,True,True,False,True,False,False,4
4829,WNNEYILS,False,False,False,True,True,True,False,True,False,False,4
4830,NNEYILSL,False,False,False,True,True,True,False,True,False,False,4
4831,NEYILSLI,False,False,False,True,True,True,False,True,False,False,4
4832,EYILSLIE,False,False,False,True,True,True,False,True,False,False,4
4833,YILSLIED,False,False,False,True,True,True,False,True,False,False,4
4834,ILSLIEDN,False,False,False,True,False,True,False,True,False,False,3
4835,LSLIEDNC,False,False,False,True,False,True,False,True,False,False,3
4836,SLIEDNCH,False,False,False,True,False,True,False,True,False,False,3
4837,LIEDNCHT,False,False,False,True,False,True,False,True,False,False,3
4838,IEDNCHTV,False,False,False,True,False,True,False,True,False,False,3
4839,EDNCHTVL,False,False,False,True,False,True,False,True,False,False,3
4840,DNCHTVLP,False,False,False,True,False,True,False,True,False,False,3
4841,NCHTVLPA,False,False,False,True,False,True,False,True,False,False,3
4842,CHTVLPAV,False,False,False,True,False,True,False,True,False,False,3
4843,HTVLPAVF,False,False,False,True,False,True,False,True,False,False,3
4844,TVLPAVFG,False,False,False,True,False,True,False,True,False,False,3
4845,VLPAVFGT,False,False,False,True,False,True,False,True,False,False,3
4846,LPAVFGTL,False,False,False,True,False,True,False,True,False,False,3
4847,PAVFGTLY,False,False,False,True,False,True,False,True,False,False,3
4848,AVFGTLYQ,False,False,False,True,False,True,False,True,False,False,3
4849,VFGTLYQV,False,False,False,True,False,True,False,True,False,False,3
4850,FGTLYQVS,False,False,False,True,False,True,False,True,False,False,3
4851,GTLYQVSK,False,False,False,True,False,True,False,True,False,False,3
4852,TLYQVSKE,False,False,False,True,False,True,False,True,False,False,3
4853,LYQVSKEH,False,False,False,True,False,True,False,True,False,False,3
4854,YQVSKEHW,False,False,False,True,False,True,False,True,False,False,3
4855,QVSKEHWN,False,False,False,True,False,True,False,True,False,False,3
4856,VSKEHWNQ,False,False,False,True,False,True,False,True,False,False,3
4857,SKEHWNQT,False,False,False,True,True,True,False,True,False,False,4
4858,KEHWNQTI,False,False,False,True,True,True,False,True,False,False,4
4859,EHWNQTIV,False,False,False,True,True,True,False,True,False,False,4
4860,HWNQTIVS,False,False,False,True,False,True,False,True,False,False,3
4861,WNQTIVSL,False,False,False,True,False,True,False,True,False,False,3
4862,NQTIVSLI,False,False,False,True,False,True,False,True,False,False,3
4863,QTIVSLIY,False,False,False,True,False,True,False,True,False,False,3
4864,TIVSLIYN,False,False,False,True,False,True,False,True,False,False,3
4865,IVSLIYNV,False,False,False,True,False,True,False,True,False,False,3
4866,VSLIYNVL,False,False,False,True,False,True,False,True,False,False,3
4867,SLIYNVLK,False,False,False,True,False,True,False,True,False,False,3
4868,LIYNVLKT,False,False,False,True,False,True,False,True,False,False,3
4869,IYNVLKTF,False,False,False,True,False,True,False,True,False,False,3
4870,YNVLKTFM,False,False,False,True,True,True,False,True,False,False,4
4871,NVLKTFME,False,False,False,True,True,True,False,True,False,False,4
4872,VLKTFMEM,False,False,False,True,True,True,False,True,False,False,4
4873,LKTFMEMN,False,False,False,True,True,True,False,True,False,False,4
4874,KTFMEMNG,False,False,False,True,True,True,False,True,False,False,4
4875,TFMEMNGK,False,False,False,True,True,True,False,True,False,False,4
4876,FMEMNGKL,False,False,False,True,True,True,False,True,False,False,4
4877,MEMNGKLF,False,False,False,True,True,True,False,True,False,False,4
4878,EMNGKLFD,False,False,False,True,True,True,False,True,False,False,4
4879,MNGKLFDE,False,False,False,True,True,True,False,True,False,False,4
4880,NGKLFDEL,False,False,False,True,True,True,False,True,False,False,4
4881,GKLFDELT,False,False,False,True,True,True,False,True,False,False,4
4882,KLFDELTA,False,False,False,True,False,True,False,True,False,False,3
4883,LFDELTAS,False,False,False,True,False,True,False,True,False,False,3
4884,FDELTASY,False,False,False,True,False,True,False,True,False,False,3
4885,DELTASYK,False,False,False,True,False,True,False,True,False,False,3
4886,ELTASYKL,False,False,False,True,False,True,False,True,False,False,3
4887,LTASYKLE,False,False,False,True,False,True,False,True,False,False,3
4888,TASYKLEK,False,False,False,True,False,True,False,True,False,False,3
4889,ASYKLEKQ,False,False,False,True,False,True,False,True,False,False,3
4890,SYKLEKQQ,False,False,False,True,False,True,False,True,False,False,3
4891,YKLEKQQE,False,False,False,True,False,True,False,True,False,False,3
4892,KLEKQQEQ,False,False,False,True,False,True,False,True,False,False,3
4893,LEKQQEQQ,False,False,False,True,False,True,False,True,False,False,3
4894,EKQQEQQK,False,False,False,True,True,True,False,True,False,False,4
4895,KQQEQQKA,False,False,False,True,False,True,False,True,False,False,3
4896,QQEQQKAR,False,False,False,False,False,True,False,False,False,False,1
4897,QEQQKARE,False,False,False,False,False,True,False,False,False,False,1
4898,EQQKARER,False,False,False,False,False,True,False,False,False,False,1
4899,QQKARERQ,False,False,False,False,False,True,False,False,False,False,1
4900,QKARERQE,False,False,False,False,False,True,False,False,False,False,1
4901,KARERQEL,False,False,False,False,False,True,False,False,False,False,1
4902,ARERQELW,False,False,False,False,False,True,False,False,False,False,1
4903,RERQELWQ,False,False,False,False,False,True,False,False,False,False,1
4904,ERQELWQG,False,False,False,True,False,True,False,False,False,False,2
4905,RQELWQGL,False,False,False,True,False,True,False,False,False,False,2
4906,QELWQGLE,False,False,False,True,False,True,False,False,False,False,2
4907,ELWQGLEE,False,False,False,True,False,True,False,False,False,False,2
4908,LWQGLEEL,False,False,False,True,False,True,False,False,False,False,2
4909,WQGLEELR,False,False,False,True,False,True,False,False,False,False,2
4910,QGLEELRL,False,False,False,True,False,True,False,False,False,False,2
4911,GLEELRLR,False,False,False,True,False,True,False,True,False,False,3
4912,LEELRLRR,False,False,False,True,False,True,False,True,False,False,3
4913,EELRLRRL,False,False,False,True,False,True,False,True,False,False,3
4914,ELRLRRLQ,False,False,False,True,False,True,False,True,False,False,3
4915,LRLRRLQG,False,False,False,True,False,True,False,True,False,False,3
4916,RLRRLQGT,False,False,False,True,False,True,True,True,False,False,4
4917,LRRLQGTQ,False,False,False,True,False,True,False,True,False,False,3
4918,RRLQGTQG,False,False,False,True,False,True,False,True,False,False,3
4919,RLQGTQGT,False,False,False,False,False,True,False,False,False,False,1
4920,LQGTQGTQ,False,False,False,False,False,True,False,False,False,False,1
4921,QGTQGTQG,False,False,False,False,False,True,False,False,False,False,1
4922,GTQGTQGA,False,False,False,False,False,True,False,False,False,False,1
4923,TQGTQGAR,False,False,False,False,False,True,False,False,False,False,1
4924,QGTQGARE,False,False,False,False,False,True,False,False,False,False,1
4925,GTQGAREA,False,False,False,False,False,True,False,False,False,False,1
4926,TQGAREAP,False,False,False,False,False,True,False,False,False,False,1
4927,QGAREAPL,False,False,False,False,False,True,False,False,False,False,1
4928,GAREAPLQ,False,False,False,False,False,True,False,False,False,False,1
4929,AREAPLQR,False,False,False,False,False,True,False,False,False,False,1
4930,REAPLQRF,False,False,False,False,False,True,False,False,False,False,1
4931,EAPLQRFV,False,False,False,False,False,True,False,False,False,False,1
4932,APLQRFVP,False,False,False,False,False,True,False,False,False,False,1
4933,PLQRFVPQ,False,False,False,False,False,True,False,False,False,False,1
4934,LQRFVPQV,False,False,False,False,False,True,False,False,False,False,1
4935,QRFVPQVA,False,False,False,False,False,True,False,False,False,False,1
4936,RFVPQVAA,False,False,False,False,False,True,False,False,False,False,1
4937,FVPQVAAT,False,False,False,False,False,True,False,False,False,False,1
4938,VPQVAATG,False,False,False,False,False,True,False,False,False,False,1
4939,PQVAATGG,False,False,False,False,False,True,False,False,False,False,1
4940,QVAATGGQ,False,False,False,False,False,True,False,False,False,False,1
4941,VAATGGQS,False,False,False,False,False,True,False,False,False,False,1
4942,MSPSPSSS,False,False,False,False,False,True,False,False,False,False,1
4943,SPSPSSSG,False,False,True,False,True,True,True,True,False,False,5
4944,PSPSSSGK,False,False,False,False,False,True,False,False,False,False,1
4945,SPSSSGKD,False,False,False,True,False,True,False,True,False,False,3
4946,PSSSGKDG,False,False,False,True,False,True,False,False,False,False,2
4947,SSSGKDGG,False,False,False,True,False,True,False,False,False,False,2
4948,SSGKDGGG,False,False,False,True,False,True,False,False,False,False,2
4949,SGKDGGGE,False,False,False,True,False,True,False,False,False,False,2
4950,GKDGGGEN,False,False,False,True,False,True,False,False,False,False,2
4951,KDGGGENA,False,False,False,False,False,True,False,False,False,False,1
4952,DGGGENAE,False,False,False,False,False,True,False,False,False,False,1
4953,GGGENAEE,False,False,False,False,False,True,False,False,False,False,1
4954,GGENAEEA,False,False,False,False,False,True,False,False,False,False,1
4955,GENAEEAQ,False,False,False,False,False,True,False,False,False,False,1
4956,ENAEEAQP,False,False,False,False,False,True,False,False,False,False,1
4957,NAEEAQPQ,False,False,False,False,False,True,False,False,False,False,1
4958,AEEAQPQP,False,False,False,False,False,True,False,False,False,False,1
4959,EEAQPQPQ,False,False,False,True,False,True,False,False,False,False,2
4960,EAQPQPQP,False,False,False,True,False,True,False,False,False,False,2
4961,AQPQPQPQ,False,True,True,True,True,True,True,True,False,False,7
4962,QPQPQPQP,False,True,True,True,True,True,True,True,False,True,8
4963,PQPQPQPQ,False,False,True,True,True,True,True,True,False,True,7
4964,QPQPQPQS,False,False,True,True,True,True,False,True,False,False,5
4965,PQPQPQSQ,False,False,True,True,True,True,False,True,False,False,5
4966,QPQPQSQP,False,False,True,True,False,True,True,True,False,False,5
4967,PQPQSQPP,False,False,True,False,False,True,False,True,False,False,3
4968,QPQSQPPS,False,False,False,False,False,True,False,False,False,False,1
4969,PQSQPPSS,False,False,False,False,False,True,False,False,False,False,1
4970,QSQPPSSN,False,False,False,True,False,True,False,False,False,False,2
4971,SQPPSSNK,False,False,False,True,False,True,False,False,False,False,2
4972,QPPSSNKR,False,False,False,True,False,True,False,False,False,False,2
4973,PPSSNKRP,False,False,False,True,False,True,False,False,False,False,2
4974,PSSNKRPS,False,False,False,True,False,True,False,False,False,False,2
4975,SSNKRPSN,False,False,False,True,False,True,False,False,False,False,2
4976,SNKRPSNS,False,False,False,True,False,True,False,False,False,False,2
4977,NKRPSNST,False,False,False,True,False,True,False,False,False,False,2
4978,KRPSNSTP,False,False,False,True,False,True,False,False,False,False,2
4979,RPSNSTPP,False,False,False,True,False,True,False,False,False,False,2
4980,PSNSTPPP,False,False,False,True,False,True,False,False,False,False,2
4981,SNSTPPPT,False,False,False,True,False,True,False,False,False,False,2
4982,NSTPPPTQ,False,False,False,True,False,True,False,False,False,False,2
4983,STPPPTQL,False,False,False,True,False,True,False,False,False,False,2
4984,TPPPTQLS,False,False,False,True,False,True,False,False,False,False,2
4985,PPPTQLSK,False,False,False,True,False,True,False,False,False,False,2
4986,PPTQLSKI,False,False,False,True,False,True,False,False,False,False,2
4987,PTQLSKIK,False,False,False,True,False,True,False,False,False,False,2
4988,TQLSKIKY,False,False,False,True,False,True,False,False,False,False,2
4989,QLSKIKYS,False,False,False,True,False,True,False,False,False,False,2
4990,LSKIKYSG,False,False,False,True,False,True,False,False,False,False,2
4991,SKIKYSGG,False,False,False,True,False,True,False,False,False,False,2
4992,KIKYSGGP,False,False,False,True,False,True,False,True,False,False,3
4993,IKYSGGPQ,False,False,False,True,False,True,False,False,False,False,2
4994,KYSGGPQI,False,False,False,True,False,True,False,False,False,False,2
4995,YSGGPQIV,False,False,False,True,False,True,False,False,False,False,2
4996,SGGPQIVK,False,False,False,True,False,True,False,False,False,False,2
4997,GGPQIVKK,False,False,False,True,False,True,False,False,False,False,2
4998,GPQIVKKE,False,False,False,True,False,True,False,False,False,False,2
4999,PQIVKKER,False,False,False,True,False,True,False,False,False,False,2
